,Parking,Swimming Pool,Restaurant,Room Service,Fitness Centre,Spa & Wellness Centre,Business Centre,Facilities for Disabled,Airport Shuttle,Non-smoking Rooms,Babysitting/Child Services,Meeting/Banquet Facilities,Car Rental,Breakfast Buffet,Bar/Lounge,Kids Activities,Game Room,Dry Cleaning,Valet Parking,name,rate,review,Highspeed Internet,Airconditioning,Safe/Vault,Tennis Court,Indoor Pool,Pet-friendly,Casino,Golfcourse,Beach Access,Ski-In Ski-Out
0,1.0,1.0,1.0,1.0,1.0,1.0,1.0,1.0,1.0,1.0,1.0,1.0,1.0,1.0,1.0,1.0,1.0,1.0,1.0,voco Riyadh An IHG Hotel,9.0,5662 reviews,0.0,0.0,0.0,0.0,0.0,0.0,0.0,0.0,0.0,0.0
1,,,1.0,1.0,1.0,,,,,,,1.0,,,,,,,1.0,Boudl Gaber,8.1,830 reviews,1.0,1.0,0.0,0.0,0.0,0.0,0.0,0.0,0.0,0.0
2,1.0,1.0,1.0,1.0,1.0,,,1.0,1.0,1.0,,1.0,,,1.0,,,1.0,1.0,"Mansard Riyadh, a Radisson Collection Hotel",9.0,1389 reviews,1.0,1.0,1.0,0.0,0.0,0.0,0.0,0.0,0.0,0.0
3,1.0,,,,,,1.0,1.0,,1.0,,,,,,,,1.0,,Innyar Hotel,N/A,N/A,1.0,1.0,1.0,0.0,0.0,0.0,0.0,0.0,0.0,0.0
4,,1.0,1.0,,1.0,1.0,1.0,,,,,1.0,,1.0,1.0,,,,,Crowne Plaza Riyadh Palace,8.0,2895 reviews,1.0,1.0,1.0,0.0,0.0,0.0,0.0,0.0,0.0,0.0
5,1.0,1.0,1.0,,1.0,1.0,1.0,1.0,,1.0,,1.0,1.0,1.0,1.0,,,,,Radisson Blu Hotel & Residence Riyadh Diplomatic Quarters ,8.9,1501 reviews,1.0,1.0,1.0,0.0,0.0,0.0,0.0,0.0,0.0,0.0
6,1.0,1.0,1.0,1.0,1.0,1.0,1.0,1.0,1.0,1.0,,1.0,1.0,,,,,1.0,1.0,"Mandarin Oriental Al Faisaliah, Riyadh",8.6,5931 reviews,1.0,1.0,1.0,1.0,1.0,0.0,0.0,0.0,0.0,0.0
7,1.0,1.0,1.0,1.0,1.0,1.0,1.0,1.0,1.0,1.0,,1.0,,,1.0,,,1.0,,Executives Hotel - Olaya,7.7,2841 reviews,1.0,1.0,1.0,,1.0,0.0,0.0,0.0,0.0,0.0
8,1.0,,,,,,,,,,,,,,,,,,,Amber Hospitality Al Nafel,N/A,N/A,,,,,,0.0,0.0,0.0,0.0,0.0
9,,,,1.0,,,,1.0,1.0,1.0,,,,,,,,1.0,,Al Muteb Suites Al Ezdehar 2,7.0,497 reviews,1.0,1.0,1.0,,,0.0,0.0,0.0,0.0,0.0
10,1.0,,1.0,1.0,,,,,,1.0,,,,,1.0,,,,,Boudl Al Sulimanyah,8.2,2074 reviews,1.0,1.0,1.0,,,0.0,0.0,0.0,0.0,0.0
11,1.0,,,,,,,,,1.0,,,,,,,,,,Taleen Al Nakheel Apartment,6.3,365 reviews,1.0,1.0,,,,0.0,0.0,0.0,0.0,0.0
12,1.0,1.0,,1.0,1.0,,,1.0,,1.0,,1.0,,,,,,,,Braira Al Wezarat,8.4,4149 reviews,1.0,1.0,1.0,,,0.0,0.0,0.0,0.0,0.0
13,1.0,1.0,,1.0,,,,1.0,1.0,1.0,,,1.0,,,,,1.0,1.0,Granada Palace Inn,7.7,130 reviews,1.0,1.0,1.0,,1.0,0.0,0.0,0.0,0.0,0.0
14,1.0,,1.0,1.0,,,,1.0,1.0,1.0,,1.0,,,,,,1.0,,Motiara Hotel – Al Murouj,7.1,426 reviews,1.0,1.0,1.0,,,0.0,0.0,0.0,0.0,0.0
15,1.0,,1.0,1.0,1.0,1.0,,1.0,1.0,,,1.0,,,1.0,,,1.0,,Grand Plaza Hotel - Takhasosi Riyadh,8.3,4037 reviews,1.0,,,,,0.0,0.0,0.0,0.0,0.0
16,1.0,1.0,,1.0,1.0,,1.0,,,1.0,,,,,,,1.0,,,Almuhaidb Salahuddin- Almalaz,7.7,1182 reviews,1.0,1.0,1.0,,1.0,0.0,0.0,0.0,0.0,0.0
17,1.0,,,1.0,,,,,,1.0,,,1.0,,,,,,,Al Farhan Hotel Suites (Exit 15),6.1,241 reviews,1.0,1.0,1.0,,,0.0,0.0,0.0,0.0,0.0
18,1.0,,,,,,,1.0,,,,,,,,,,,,Taleen AlAqiq hotel apartments,N/A,N/A,1.0,1.0,1.0,,,0.0,0.0,0.0,0.0,0.0
19,1.0,1.0,1.0,,1.0,1.0,1.0,,,,1.0,1.0,,,1.0,,,,,Hilton Riyadh Hotel & Residences,8.3,9245 reviews,1.0,,,,,0.0,0.0,0.0,0.0,0.0
20,1.0,1.0,,,,1.0,,,,1.0,,,,,,,,,,Boudl Al Munsiyah,8.0,4311 reviews,1.0,1.0,,,,0.0,0.0,0.0,0.0,0.0
21,,,,1.0,,,,,,1.0,,,,,1.0,,,,,Kease Ghadeer B-1 Royal touch AX25,8.1,109 reviews,1.0,1.0,1.0,,,1.0,0.0,0.0,0.0,0.0
22,1.0,,,1.0,,,,,,1.0,,,,,,,,1.0,,AlMuhaidb Almalaz 7,6.7,219 reviews,1.0,1.0,1.0,,,,0.0,0.0,0.0,0.0
23,1.0,1.0,1.0,1.0,1.0,1.0,1.0,1.0,1.0,1.0,,,,,1.0,,,1.0,1.0,Jareed Hotel Riyadh,9.0,1443 reviews,1.0,1.0,1.0,,,,0.0,0.0,0.0,0.0
24,1.0,,,,,,,,,1.0,,,,,,,,,,Kease Al Izdihar -7 Luxury Gold AZ99,6.0,5 reviews,,,,,,,0.0,0.0,0.0,0.0
25,1.0,,,,,,,1.0,,1.0,,,,,,,,,,Al Muteb Suites Al Tawon,N/A,N/A,1.0,1.0,,,,,0.0,0.0,0.0,0.0
26,1.0,,,1.0,,,1.0,1.0,,1.0,,,,,,,,1.0,,Rest Night Hotel Apartment,N/A,N/A,1.0,1.0,1.0,,1.0,,0.0,0.0,0.0,0.0
27,1.0,1.0,1.0,1.0,1.0,1.0,1.0,1.0,1.0,1.0,,1.0,,,,,,1.0,1.0,Art View Hotel,7.9,26 reviews,1.0,1.0,1.0,,1.0,,0.0,0.0,0.0,0.0
28,1.0,1.0,1.0,1.0,1.0,,1.0,1.0,1.0,1.0,,1.0,1.0,,,,,,,Continent Hotel Al Waha Riyad,7.7,1696 reviews,1.0,1.0,1.0,,1.0,,0.0,0.0,0.0,0.0
29,,,,,,1.0,,,,1.0,,,,,,,,,1.0,msharef almoden hotel,N/A,N/A,1.0,,1.0,,,,0.0,0.0,0.0,0.0
30,1.0,,1.0,1.0,1.0,1.0,1.0,1.0,,1.0,,1.0,1.0,,,,,1.0,1.0,Melissa Hotel Riyadh,7.8,648 reviews,1.0,1.0,1.0,,,,0.0,0.0,0.0,0.0
31,1.0,1.0,,,,,,,,,,,,,,,,1.0,1.0,Fairmont Riyadh,N/A,N/A,,,,,,,0.0,0.0,0.0,0.0
32,1.0,,,,1.0,,1.0,1.0,,1.0,,,,,,,,1.0,,Aber Al Yasmin 101,8.1,804 reviews,1.0,1.0,1.0,,1.0,,0.0,0.0,0.0,0.0
33,,1.0,1.0,1.0,1.0,,1.0,,,,1.0,,1.0,,1.0,,1.0,1.0,,Awfad Hotel Riyadh,7.4,2707 reviews,1.0,,1.0,,,,0.0,0.0,0.0,0.0
34,1.0,1.0,1.0,1.0,1.0,1.0,1.0,1.0,1.0,1.0,,1.0,1.0,,,,,1.0,1.0,Dabab Hotel by Warwick,7.3,1606 reviews,1.0,1.0,1.0,,1.0,,0.0,0.0,0.0,0.0
35,1.0,1.0,1.0,1.0,1.0,1.0,1.0,1.0,,1.0,,1.0,1.0,,,,,1.0,,Braira Qurtubah Riyadh,8.2,10463 reviews,1.0,1.0,1.0,,1.0,,0.0,0.0,0.0,0.0
36,1.0,,,,,,1.0,1.0,,1.0,,,,,,,,1.0,,Celine Home Hotel,N/A,N/A,1.0,1.0,1.0,,,,0.0,0.0,0.0,0.0
37,1.0,,,1.0,,,,1.0,,1.0,,,,,,,,,,Al Amoria Furnished Apartments 3,N/A,N/A,1.0,1.0,1.0,,,,0.0,0.0,0.0,0.0
38,1.0,,,,,,,,,,,,,,,,,,,Holiday Plus Cordoba,6.8,380 reviews,1.0,1.0,,,,,0.0,0.0,0.0,0.0
39,1.0,,,,1.0,1.0,1.0,1.0,,1.0,,,,,,,,1.0,1.0,Al Muteb Suites Heritage Hotel,N/A,N/A,1.0,1.0,1.0,,,,0.0,0.0,0.0,0.0
40,1.0,1.0,,1.0,1.0,,,,,1.0,,,,,,,,,,Land Walk Hotel,8.8,115 reviews,1.0,1.0,,,1.0,,0.0,0.0,0.0,0.0
41,1.0,1.0,1.0,1.0,1.0,1.0,1.0,1.0,1.0,1.0,,1.0,,,1.0,,,1.0,,Executives Hotel - Olaya,7.7,2841 reviews,1.0,1.0,1.0,,1.0,,0.0,0.0,0.0,0.0
42,1.0,,,,,,,1.0,,1.0,,,,,,,,,,Al Muteb Suites Granada,N/A,N/A,1.0,,1.0,,,,0.0,0.0,0.0,0.0
43,1.0,1.0,1.0,1.0,1.0,,1.0,1.0,1.0,1.0,,1.0,1.0,,,,,1.0,,Executives Hotel - KAFD,8.1,1681 reviews,1.0,1.0,1.0,,1.0,,0.0,0.0,0.0,0.0
44,1.0,1.0,1.0,,1.0,1.0,1.0,1.0,,1.0,,1.0,1.0,1.0,1.0,,,,,Radisson Blu Hotel & Residence Riyadh Diplomatic Quarters ,8.9,1501 reviews,1.0,1.0,1.0,,,,0.0,0.0,0.0,0.0
45,1.0,,,,,,,1.0,,1.0,,,,,,,,,,Alyaa Home,N/A,N/A,1.0,1.0,,,,,0.0,0.0,0.0,0.0
46,1.0,,,1.0,,,,,,1.0,,,1.0,,,,,,,Al Farhan Hotel Suites (Exit 15),6.1,241 reviews,1.0,1.0,1.0,,,,0.0,0.0,0.0,0.0
47,,,,,,,,,,,,,,,,,,,,Namar Home Serviced Suites,N/A,N/A,,,,,,,0.0,0.0,0.0,0.0
48,1.0,,,,,,,1.0,,1.0,,,,,,,,,,Saraya Qordoba,N/A,N/A,1.0,,1.0,,,,0.0,0.0,0.0,0.0
49,1.0,,,,,1.0,,,,,,,,,,,,,1.0,Hotel Vivian Park El Raed,N/A,N/A,,,,,,,0.0,0.0,0.0,0.0
50,1.0,1.0,,1.0,1.0,,,1.0,,1.0,,1.0,,,,,,,,Braira Al Wezarat,8.4,4149 reviews,1.0,1.0,1.0,,,,0.0,0.0,0.0,0.0
51,1.0,1.0,1.0,1.0,1.0,1.0,1.0,1.0,,1.0,1.0,1.0,,,1.0,,,1.0,,Aber 102,8.9,878 reviews,1.0,1.0,1.0,1.0,1.0,,0.0,0.0,0.0,0.0
52,1.0,1.0,,1.0,,,,,1.0,,,1.0,,,,,,,1.0,Enala Resort,7.9,53 reviews,1.0,1.0,,,1.0,,0.0,0.0,0.0,0.0
53,1.0,,,,,,,1.0,,1.0,,,,,,,,,,Al Muteb Suites Al Yarmouk,N/A,N/A,1.0,1.0,,,,,0.0,0.0,0.0,0.0
54,1.0,1.0,1.0,1.0,1.0,,1.0,1.0,,1.0,,1.0,1.0,,,,,1.0,,Hilton Garden Inn Riyadh Financial District,7.8,2471 reviews,1.0,1.0,1.0,,1.0,,0.0,0.0,0.0,0.0
55,,,,,,,,,,,,,,,,,,,,Cristal Amaken Hotel,8.4,22 reviews,,1.0,,,,,0.0,0.0,0.0,0.0
56,,1.0,1.0,1.0,1.0,,1.0,1.0,1.0,1.0,,1.0,,1.0,,,,1.0,,Braira Hotel Olaya - By Boudl,8.4,4315 reviews,1.0,,,,,,0.0,0.0,0.0,0.0
57,,1.0,1.0,1.0,1.0,,1.0,,,,1.0,,1.0,,1.0,,1.0,1.0,,Awfad Hotel Riyadh,7.4,2707 reviews,1.0,,1.0,,,,0.0,0.0,0.0,0.0
58,1.0,,,,,1.0,,,,1.0,,,,,,,,,,The O Tower Residence,N/A,N/A,,,1.0,,,,0.0,0.0,0.0,0.0
59,,,1.0,1.0,1.0,,,1.0,1.0,1.0,1.0,,,,1.0,1.0,,1.0,1.0,Boudl Al Woroud ,8.0,636 reviews,1.0,,,,,,0.0,0.0,0.0,0.0
60,1.0,,,1.0,,,,,,1.0,,,,,,,,1.0,,Rukon Buyutat 15,7.0,152 reviews,1.0,1.0,1.0,,,,0.0,0.0,0.0,0.0
61,1.0,,,1.0,1.0,,,1.0,,1.0,,,,,,,,,,Anan Hotel,7.5,1539 reviews,1.0,1.0,,,1.0,,0.0,0.0,0.0,0.0
62,1.0,1.0,1.0,1.0,1.0,1.0,,1.0,,1.0,1.0,1.0,,,,,,1.0,1.0,Four Seasons Hotel Riyadh,8.9,3197 reviews,1.0,1.0,1.0,,,1.0,0.0,0.0,0.0,0.0
63,1.0,,,,,,,1.0,,1.0,,,,,,,,1.0,,Rihanna Inn Hotel Apartement,N/A,N/A,1.0,1.0,,,,,0.0,0.0,0.0,0.0
64,1.0,1.0,1.0,1.0,1.0,1.0,1.0,1.0,1.0,1.0,,,,,1.0,,,1.0,1.0,Jareed Hotel Riyadh,9.0,1443 reviews,1.0,1.0,1.0,,,,0.0,0.0,0.0,0.0
65,,,,,,,,,,,,,,,,,,,,Karem Riyadh Residence - Hotel Apartment,N/A,N/A,,,,,,,0.0,0.0,0.0,0.0
66,1.0,,,,,1.0,,,,,,,,,,,,,1.0,Hotel Vivian Park El Raed,N/A,N/A,,,,,,,0.0,0.0,0.0,0.0
67,1.0,,1.0,1.0,1.0,,,1.0,1.0,1.0,,1.0,,1.0,1.0,,,1.0,,Super 8 by Wyndham Al Riyadh,7.3,645 reviews,1.0,,,,,,0.0,0.0,0.0,0.0
68,,,,,,,,,,,,,,,,,,,,Namar Home Serviced Suites,N/A,N/A,,,,,,,0.0,0.0,0.0,0.0
69,,,1.0,1.0,,,,,,1.0,,,,,,,,1.0,,Erfad Hotel,N/A,N/A,1.0,1.0,1.0,,,,0.0,0.0,0.0,0.0
70,1.0,1.0,,,,1.0,,1.0,1.0,1.0,,1.0,,,,,,1.0,,Boudl Al Fayhaa,6.0,1590 reviews,1.0,,,,,,0.0,0.0,0.0,0.0
71,1.0,,,1.0,,,1.0,1.0,,1.0,,,,,,1.0,1.0,1.0,,Ewaa Express Hotel - Gaber,8.7,2032 reviews,1.0,1.0,1.0,,,,0.0,0.0,0.0,0.0
72,1.0,,,,,,1.0,1.0,,1.0,,,,,,,,1.0,,Celine Home Hotel,N/A,N/A,1.0,1.0,1.0,,,,0.0,0.0,0.0,0.0
73,1.0,,,1.0,,,,,,1.0,,,1.0,,,,,1.0,,Al Muteb Suites Khurais,5.1,220 reviews,1.0,1.0,1.0,,,,0.0,0.0,0.0,0.0
74,1.0,1.0,1.0,,1.0,1.0,1.0,1.0,,1.0,,1.0,1.0,1.0,1.0,,,,,Centro Olaya by Rotana,7.9,3325 reviews,1.0,1.0,,,,,0.0,0.0,0.0,0.0
75,1.0,,,1.0,,,1.0,1.0,,1.0,,,,,,,,1.0,,Almasem Luxury Hotel suite 6,7.3,1696 reviews,1.0,1.0,1.0,,,,0.0,0.0,0.0,0.0
76,1.0,,1.0,1.0,,1.0,1.0,1.0,,1.0,1.0,1.0,,,,,,1.0,1.0,Mena Hotel Nasiriah Riyadh,8.2,3656 reviews,1.0,1.0,1.0,,,,0.0,0.0,0.0,0.0
77,,,,,,,,,,,,,,,,,,,,Namar Home Serviced Suites,N/A,N/A,,,,,,,0.0,0.0,0.0,0.0
78,1.0,,,,,,,1.0,,,,,,,,,,1.0,,AlMuhaidb Nadwaa Aparthotel,7.0,511 reviews,1.0,1.0,1.0,,,,0.0,0.0,0.0,0.0
79,1.0,1.0,1.0,,,,,,,1.0,,,,,1.0,,,,,Braira Al Nakheel Hotel,9.0,6866 reviews,1.0,1.0,,,,,0.0,0.0,0.0,0.0
80,,,1.0,1.0,,,,,,1.0,,,,,1.0,,,,,Al Farhan Hotel Suites Al Aqiq,N/A,N/A,1.0,1.0,1.0,,,,0.0,0.0,0.0,0.0
81,1.0,1.0,1.0,1.0,1.0,1.0,1.0,1.0,1.0,1.0,,1.0,,,1.0,,,1.0,,Executives Hotel - Olaya,7.7,2841 reviews,1.0,1.0,1.0,,1.0,,0.0,0.0,0.0,0.0
82,,,,,,,,,,,,,,,,,,,,Al-Mutab Suites Dammam Road,N/A,N/A,,,,,,,0.0,0.0,0.0,0.0
83,,,,,,,1.0,,,,,,,,,,,,1.0,RosaGrandHotel,N/A,N/A,,,1.0,,,,0.0,0.0,0.0,0.0
84,1.0,,1.0,,1.0,,1.0,1.0,,1.0,,1.0,,,,,,,,Comfort Hotel Riyadh Olaya,9.5,4 reviews,1.0,1.0,1.0,,,,0.0,0.0,0.0,0.0
85,1.0,,,,,,,1.0,,1.0,,,,,,,,,,Holiday Al Khaleej Al Najah,N/A,N/A,1.0,1.0,1.0,,,,0.0,0.0,0.0,0.0
86,1.0,1.0,1.0,,1.0,1.0,,,1.0,1.0,,1.0,1.0,,1.0,,,,,Swiss International Royal Hotel Riyadh,7.5,901 reviews,1.0,1.0,1.0,,,,0.0,0.0,0.0,0.0
87,,,,,,,,,,,,,,,,,,,,Almuhaidb Residence Almalaz,N/A,N/A,,1.0,,,,,0.0,0.0,0.0,0.0
88,1.0,,,1.0,,,1.0,1.0,,1.0,,,,,,,,1.0,,Almasem Luxury Hotel suite 6,7.3,1696 reviews,1.0,1.0,1.0,,,,0.0,0.0,0.0,0.0
89,1.0,,,,,,,1.0,,1.0,,,,,,,,,,Taleen Al Nadwa,5.6,418 reviews,1.0,1.0,,,,,0.0,0.0,0.0,0.0
90,,,1.0,,,,,,,,,,,,,,,,,AlMuteb Suites Al mursalat,N/A,N/A,,1.0,,,,,0.0,0.0,0.0,0.0
91,1.0,,,,,,,,,,,,,,,,,,,Amber Hospitality Al Nafel,N/A,N/A,,,,,,,0.0,0.0,0.0,0.0
92,1.0,1.0,1.0,1.0,1.0,1.0,1.0,1.0,1.0,1.0,,,,,1.0,,,1.0,1.0,Jareed Hotel Riyadh,9.0,1443 reviews,1.0,1.0,1.0,,,,0.0,0.0,0.0,0.0
93,1.0,,,,,1.0,,,,,,,,,,,,,1.0,Hotel Vivian Park El Raed,N/A,N/A,,,,,,,0.0,0.0,0.0,0.0
94,1.0,,1.0,1.0,,,,1.0,1.0,1.0,,,1.0,1.0,,,1.0,1.0,1.0,Swiss Spirit Metropolitan Riyadh,7.6,1005 reviews,1.0,,,,,,1.0,0.0,0.0,0.0
95,1.0,1.0,,1.0,,,,1.0,1.0,1.0,,,1.0,,,,,1.0,1.0,Granada Palace Inn,7.7,130 reviews,1.0,1.0,1.0,,1.0,,,0.0,0.0,0.0
96,1.0,1.0,,,1.0,1.0,1.0,1.0,1.0,1.0,,1.0,,,1.0,,,,,Movenpick Hotel And Residences Riyadh,8.8,14178 reviews,,1.0,,,,,,0.0,0.0,0.0
97,1.0,1.0,,1.0,1.0,1.0,1.0,1.0,,1.0,,,,,,,1.0,1.0,1.0,Rest Night Hotel Apartment- AlHamra,7.5,2095 reviews,1.0,1.0,1.0,,1.0,,,0.0,0.0,0.0
98,1.0,,,1.0,,1.0,,1.0,,1.0,,,,,,,,1.0,,Burj Alhayah Hotel Suites Olaya,8.2,208 reviews,1.0,1.0,,,,,,0.0,0.0,0.0
99,,,1.0,1.0,1.0,1.0,,1.0,1.0,1.0,,1.0,1.0,1.0,1.0,,,1.0,1.0,Four Points by Sheraton Riyadh Khaldia,7.3,1245 reviews,1.0,,,1.0,,,,1.0,0.0,0.0
100,1.0,1.0,1.0,1.0,1.0,1.0,1.0,1.0,1.0,1.0,,1.0,1.0,,,,,1.0,1.0,"Mandarin Oriental Al Faisaliah, Riyadh",8.6,5931 reviews,1.0,1.0,1.0,1.0,1.0,,,,0.0,0.0
101,1.0,,,,,,1.0,1.0,,1.0,,,,,,,,1.0,,Innyar Hotel,N/A,N/A,1.0,1.0,1.0,,,,,,0.0,0.0
102,1.0,,,,,,,,,1.0,,,,,,,,,,Amber Hospitality Izdihar,9.6,75 reviews,,,,,,,,,0.0,0.0
103,,,,,,,,,,,,,,,,,,,,Namar Home Serviced Suites,N/A,N/A,,,,,,,,,0.0,0.0
104,1.0,1.0,1.0,1.0,1.0,1.0,1.0,1.0,,1.0,,1.0,,,1.0,,,1.0,,Iris Boutique Granada,8.4,1474 reviews,1.0,1.0,1.0,,1.0,,,,0.0,0.0
105,1.0,1.0,,1.0,1.0,1.0,1.0,,1.0,1.0,,1.0,1.0,,,,,1.0,,Golden Ship Hotel,N/A,N/A,1.0,1.0,1.0,,1.0,,,,0.0,0.0
106,1.0,1.0,1.0,1.0,1.0,,1.0,1.0,,1.0,,1.0,,,1.0,,,1.0,,Hayat Alriyadh Washam Hotel,8.2,1679 reviews,1.0,1.0,1.0,,1.0,,,,0.0,0.0
107,1.0,,,1.0,,,,,1.0,1.0,,,,,,,,1.0,,Dorar Darea Hotel Apartments - Al Nafl,7.2,215 reviews,1.0,1.0,1.0,,,,,,0.0,0.0
108,,,1.0,1.0,,,,,,1.0,,,,,1.0,,,,,Al Farhan Hotel Suites Al Aqiq,N/A,N/A,1.0,1.0,1.0,,,,,,0.0,0.0
109,,,,1.0,,,,,,,,,,,,,,1.0,,Taleen AlSahafa Hotel Apartments,5.9,368 reviews,1.0,1.0,1.0,,,1.0,,,0.0,0.0
110,,,,,,,,,,,,,,,,,,,,Motiara Hotel - La Valle Mall,7.8,466 reviews,,1.0,,,,,,,0.0,0.0
111,1.0,1.0,,,,,,,,,,,,,,,,1.0,1.0,Fairmont Riyadh,N/A,N/A,,,,,,,,,0.0,0.0
112,1.0,1.0,1.0,1.0,1.0,,,,,1.0,,,,,,,,,,Seven Gardens Hotel,9.0,1072 reviews,1.0,1.0,,,1.0,,,,0.0,0.0
113,1.0,1.0,,1.0,,,,1.0,,1.0,,,,,,,,,,The Corner Chalets,8.1,236 reviews,,1.0,1.0,,,,,,0.0,0.0
114,1.0,1.0,1.0,1.0,1.0,1.0,1.0,1.0,1.0,1.0,1.0,1.0,1.0,1.0,1.0,1.0,1.0,1.0,1.0,voco Riyadh An IHG Hotel,9.0,5662 reviews,,,,,,,,,0.0,0.0
115,1.0,,,,,1.0,,,,1.0,,,,,,,,,,The O Tower Residence,N/A,N/A,,,1.0,,,,,,0.0,0.0
116,1.0,,1.0,1.0,,,1.0,1.0,1.0,1.0,,1.0,1.0,1.0,1.0,,,1.0,,Grand Plaza Hotel - Dhabab Riyadh,8.3,1450 reviews,1.0,1.0,1.0,,,,,,0.0,0.0
117,1.0,,,,,,,,,,,,,,,,,,,Amber,N/A,N/A,,,,,,,,,0.0,0.0
118,,,1.0,,,,,,,,,,,,,,,,,AlMuteb Suites Al mursalat,N/A,N/A,,1.0,,,,,,,0.0,0.0
119,1.0,,,1.0,,1.0,,1.0,,1.0,,,,,,,,1.0,,Burj Alhayah Hotel Suites Olaya,8.2,208 reviews,1.0,1.0,,,,,,,0.0,0.0
120,1.0,1.0,,,1.0,1.0,1.0,1.0,1.0,1.0,,1.0,,,1.0,,,,,Movenpick Hotel And Residences Riyadh,8.8,14178 reviews,,1.0,,,,,,,0.0,0.0
121,1.0,,,,,,,1.0,,,,,,,,,,,,Merfal Royal Apartment,7.0,316 reviews,1.0,1.0,1.0,,,,,,0.0,0.0
122,1.0,,,,,,,1.0,,,,,,,,,,1.0,,AlMuhaidb Nadwaa Aparthotel,7.0,511 reviews,1.0,1.0,1.0,,,,,,0.0,0.0
123,1.0,,1.0,1.0,1.0,1.0,1.0,1.0,,1.0,,1.0,1.0,,,,,1.0,1.0,Melissa Hotel Riyadh,7.8,648 reviews,1.0,1.0,1.0,,,,,,0.0,0.0
124,1.0,1.0,1.0,,1.0,1.0,1.0,1.0,1.0,1.0,1.0,1.0,1.0,,,,,,,Shaza Riyadh,8.3,1889 reviews,1.0,1.0,1.0,,,,,,0.0,0.0
125,,,,1.0,,,,1.0,1.0,1.0,,,,,,,,1.0,,Al Muteb Suites Al Ezdehar 2,7.0,497 reviews,1.0,1.0,1.0,,,,,,0.0,0.0
126,,,,1.0,,,,1.0,1.0,1.0,,,,,,,,1.0,,Al Muteb Suites Al Ezdehar 2,7.0,497 reviews,1.0,1.0,1.0,,,,,,0.0,0.0
127,1.0,,,1.0,,,1.0,1.0,,1.0,,,,,,,,1.0,,Rest Night Hotel Apartment,N/A,N/A,1.0,1.0,1.0,,1.0,,,,0.0,0.0
128,,,,,,,,,,,,,,,,,,,,Villa Palma Compound,N/A,N/A,,,,,,,,,0.0,0.0
129,1.0,,,1.0,,,1.0,1.0,,1.0,,,,,,,,1.0,,Rest Night Hotel Apartment,N/A,N/A,1.0,1.0,1.0,,1.0,,,,0.0,0.0
130,,,,,,,,,,,,,,,,,,,,Mabaat - Suitey Al Aqiq - 559,8.5,124 reviews,,,,,,,,,0.0,0.0
131,1.0,,,,,1.0,,,,,,,,,,,,,1.0,Hotel Vivian Park El Raed,N/A,N/A,,,,,,,,,0.0,0.0
132,1.0,,1.0,1.0,,,,1.0,1.0,1.0,,1.0,,,,,,1.0,,Motiara Hotel – Al Murouj,7.1,426 reviews,1.0,1.0,1.0,,,,,,0.0,0.0
133,1.0,1.0,,,1.0,1.0,1.0,1.0,1.0,1.0,,1.0,,,1.0,,,,,Movenpick Hotel And Residences Riyadh,8.8,14178 reviews,,1.0,,,,,,,0.0,0.0
134,1.0,,,,,,,1.0,,1.0,,,,,,,,,,Al Muteb Suites Al Yarmouk 2,N/A,N/A,1.0,1.0,,,,,,,0.0,0.0
135,1.0,,,1.0,1.0,,,1.0,,1.0,,,,,,,,,,Anan Hotel,7.5,1539 reviews,1.0,1.0,,,1.0,,,,0.0,0.0
136,1.0,1.0,1.0,1.0,1.0,1.0,1.0,1.0,,1.0,,1.0,1.0,,,,,1.0,,Braira Qurtubah Riyadh,8.2,10463 reviews,1.0,1.0,1.0,,1.0,,,,0.0,0.0
137,1.0,,,,,,,,,1.0,,,,,,,,,,Amber Hospitality Izdihar,9.6,75 reviews,,,,,,,,,0.0,0.0
138,,,,,,,,,,,,,,,,,,,,Karem Riyadh Residence - Hotel Apartment,N/A,N/A,,,,,,,,,0.0,0.0
139,,,,1.0,1.0,,,,1.0,,,,,,1.0,,,1.0,,Boudl Al Olaya Hotel,7.9,1045 reviews,1.0,1.0,1.0,,,,,,0.0,0.0
140,1.0,,1.0,1.0,,,,,,1.0,,,,,1.0,,,,,Boudl Al Sulimanyah,8.2,2074 reviews,1.0,1.0,1.0,,,,,,0.0,0.0
141,1.0,,,,,,,,,1.0,,,,,,,,,,Kease Al Izdihar -7 Luxury Gold AZ99,6.0,5 reviews,,,,,,,,,0.0,0.0
142,1.0,1.0,1.0,1.0,1.0,1.0,1.0,1.0,,1.0,,,,,,,1.0,,,Smayah Residence,8.6,684 reviews,1.0,1.0,1.0,,1.0,,,,0.0,0.0
143,,,,,,,,,,,,,,,,,,,,Al Malqa Elite Hotel,7.5,1173 reviews,,1.0,,,,,,,0.0,0.0
144,1.0,,,1.0,,,1.0,1.0,,1.0,,,,,,,,1.0,,Almasem Luxury Hotel suite 6,7.3,1696 reviews,1.0,1.0,1.0,,,,,,0.0,0.0
145,1.0,,,,,,,1.0,,1.0,,,,,,,,1.0,,Deyala Hotel Suites,N/A,N/A,1.0,1.0,1.0,,,,,,0.0,0.0
146,1.0,,,,,,,,,1.0,,,,,,,,,,Amber Hospitality Izdihar,9.6,75 reviews,,,,,,,,,0.0,0.0
147,1.0,1.0,,1.0,1.0,1.0,1.0,1.0,,1.0,,,,,,,1.0,1.0,1.0,Rest Night Hotel Apartment- AlHamra,7.5,2095 reviews,1.0,1.0,1.0,,1.0,,,,0.0,0.0
148,1.0,1.0,1.0,,1.0,1.0,,,1.0,1.0,,1.0,1.0,,1.0,,,,,Swiss International Royal Hotel Riyadh,7.5,901 reviews,1.0,1.0,1.0,,,,,,0.0,0.0
149,1.0,,,,,,,,,,,,,,,,,,,Khreis Suites Hotel,6.0,82 reviews,1.0,1.0,,,,,,,0.0,0.0
150,1.0,,,,,,,1.0,,1.0,,,,,,,,,,Taleen Al Nadwa,5.6,418 reviews,1.0,1.0,,,,,,,0.0,0.0
151,,,1.0,1.0,1.0,,,1.0,1.0,1.0,1.0,,,,1.0,1.0,,1.0,1.0,Boudl Al Woroud ,8.0,636 reviews,1.0,,,,,,,,0.0,0.0
152,1.0,,,,,,,1.0,,1.0,,,,,,,,,,Al Muteb Suites Al Tawon,N/A,N/A,1.0,1.0,,,,,,,0.0,0.0
153,,,,,,,,,,,,,,,,,,,,Enala Resort,N/A,N/A,,,,,,,,,0.0,0.0
154,1.0,,,,,,,,,,,,,,,,,,,Khreis Suites Hotel,6.0,82 reviews,1.0,1.0,,,,,,,0.0,0.0
155,1.0,,,1.0,,,,1.0,,1.0,,,,,,,,1.0,,Tooq Suites,6.4,32 reviews,1.0,1.0,1.0,,,,,,0.0,0.0
156,,,,,,,,,,,,,,,,,,,,Villa Palma Compound,N/A,N/A,,,,,,,,,0.0,0.0
157,1.0,,,,,,,,,,,,,,,,,,,AlMuhaidb Furnished Units King Abdulaziz,6.6,530 reviews,1.0,1.0,,,,,,,0.0,0.0
158,1.0,1.0,,,1.0,1.0,,1.0,1.0,1.0,,,,,,,,,,Voyage Residence,8.8,176 reviews,1.0,1.0,1.0,,1.0,,,,0.0,0.0
159,1.0,,,1.0,,,,,1.0,1.0,,,1.0,,,,,,,Rayatna for Furnished Apartments 2,6.3,176 reviews,1.0,1.0,,,,,,,0.0,0.0
160,1.0,,,1.0,,,,1.0,1.0,1.0,,,,,,,,1.0,,Ahlin Suites 2,7.7,450 reviews,,1.0,1.0,,,,,,0.0,0.0
161,1.0,1.0,1.0,,1.0,1.0,1.0,1.0,,1.0,,1.0,1.0,1.0,1.0,,,,,Radisson Blu Hotel & Residence Riyadh Diplomatic Quarters ,8.9,1501 reviews,1.0,1.0,1.0,,,,,,0.0,0.0
162,1.0,1.0,1.0,1.0,,,,,1.0,1.0,,,,,,,,,,Novo Hotel Riyadh,8.7,424 reviews,1.0,1.0,,,,,,,0.0,0.0
163,1.0,,,,,,,1.0,,1.0,,,,,,,,,,Alyaa Home,N/A,N/A,1.0,1.0,,,,,,,0.0,0.0
164,1.0,,1.0,1.0,,,1.0,1.0,1.0,1.0,,1.0,1.0,1.0,1.0,,,1.0,,Grand Plaza Hotel - Dhabab Riyadh,8.3,1450 reviews,1.0,1.0,1.0,,,,,,0.0,0.0
165,1.0,,,,,,,,,,,,,,,,,,,Amber Hospitality Al Nafel,N/A,N/A,,,,,,,,,0.0,0.0
166,,,1.0,,,,,,,,,,,,,,,,,Al-Muteb Suites Khreis,N/A,N/A,,1.0,,,,,,,0.0,0.0
167,1.0,1.0,1.0,1.0,,,,,1.0,1.0,,,,,,,,,,Hdb Hotel  Financal District,7.3,2587 reviews,1.0,1.0,,,1.0,,,,0.0,0.0
168,1.0,1.0,,,,1.0,,,,1.0,,,,,,,,,,Boudl Al Munsiyah,8.0,4311 reviews,1.0,1.0,,,,,,,0.0,0.0
169,1.0,,1.0,1.0,1.0,,1.0,1.0,,1.0,,1.0,,1.0,1.0,,,1.0,,DoubleTree by Hilton Riyadh - Al Muroj Business Gate,7.3,1895 reviews,1.0,1.0,1.0,,,,,,0.0,0.0
170,1.0,,,1.0,,,1.0,1.0,,1.0,,,,,,,,1.0,,Rest Night Hotel Apartment,N/A,N/A,1.0,1.0,1.0,,1.0,,,,0.0,0.0
171,,,,,,,,,,,,,,,,,,,,Taleen AlQuds 2 Hotel Apartments,5.6,396 reviews,,1.0,,,,,,,0.0,0.0
172,1.0,,,,,,,,,,,,,,,,,,,Amber,N/A,N/A,,,,,,,,,0.0,0.0
173,,,,,,,,,,,,,,,,,,,,Ross Hotel,N/A,N/A,,,,,,,,,0.0,0.0
174,1.0,1.0,1.0,1.0,1.0,,1.0,1.0,1.0,1.0,,1.0,1.0,,,,,1.0,,Vivienda Hotel Villas Granada,9.2,152 reviews,1.0,1.0,1.0,,,,,,0.0,0.0
175,1.0,1.0,,,1.0,,,,,1.0,,1.0,,,,,,,,Aber Al Yasmin,8.4,1496 reviews,1.0,,,,,,,,0.0,0.0
176,1.0,,,,1.0,1.0,1.0,1.0,,1.0,,,,,,,,1.0,1.0,Al Muteb Suites Heritage Hotel,N/A,N/A,1.0,1.0,1.0,,,,,,0.0,0.0
177,,,1.0,,,,,,,,,,,,,,,,,Grand Plaza Takhasosi,N/A,N/A,,,,,1.0,,,,0.0,0.0
178,1.0,,1.0,1.0,1.0,1.0,1.0,1.0,1.0,1.0,,1.0,1.0,1.0,1.0,,,1.0,,Grand Plaza Hotel - Gulf Riyadh,8.5,4896 reviews,1.0,1.0,1.0,,,,,,0.0,0.0
179,1.0,,1.0,1.0,,,1.0,1.0,,1.0,,1.0,,,1.0,,,1.0,,Sixty Three Hotel,7.0,169 reviews,1.0,1.0,1.0,,,,,,0.0,0.0
180,1.0,1.0,1.0,,1.0,,1.0,1.0,,1.0,,1.0,,1.0,1.0,,,,,IntercityHotel Riyadh Malaz,8.0,1647 reviews,1.0,1.0,1.0,,,,,,0.0,0.0
181,1.0,1.0,,1.0,,,,1.0,1.0,1.0,,,1.0,,,,,1.0,1.0,Granada Palace Inn,7.7,130 reviews,1.0,1.0,1.0,,1.0,,,,0.0,0.0
182,1.0,,,,,1.0,,1.0,,1.0,,,,,,,,,,Mira Business Hotel,N/A,N/A,1.0,1.0,1.0,,,,,,0.0,0.0
183,1.0,,1.0,1.0,1.0,,,1.0,1.0,1.0,,1.0,,1.0,1.0,,,1.0,,Super 8 by Wyndham Al Riyadh,7.3,645 reviews,1.0,,,,,,,,0.0,0.0
184,1.0,,1.0,1.0,,,,1.0,,1.0,,,,,,,,1.0,,Duset Hotel Suites,8.6,1337 reviews,1.0,1.0,1.0,,,,,,0.0,0.0
185,1.0,1.0,1.0,1.0,1.0,,1.0,1.0,,1.0,,1.0,,,,,,1.0,,Millennia Olaya Hotel ,7.5,771 reviews,1.0,1.0,1.0,,1.0,,,,0.0,0.0
186,,,1.0,1.0,,,1.0,,,,,,,,,,,1.0,,Almuhaidb Faisaliah Hotel Suites,8.0,612 reviews,1.0,1.0,1.0,,,,,,0.0,0.0
187,1.0,,,,,,,,,,,,,,,,,,,Al Baron Palace Riyadh,N/A,N/A,1.0,1.0,1.0,,,,,,0.0,0.0
188,,,,,,,,,,,,,,,,,,,,Olaya 1 Stella Stays,N/A,N/A,,,,,,,,,0.0,0.0
189,1.0,,1.0,,1.0,,1.0,1.0,,1.0,,1.0,,,,,,,,Comfort Hotel Riyadh Olaya,9.5,4 reviews,1.0,1.0,1.0,,,,,,0.0,0.0
190,1.0,1.0,,1.0,1.0,,,1.0,,1.0,,1.0,,,,,,,,Braira Al Wezarat,8.4,4149 reviews,1.0,1.0,1.0,,,,,,0.0,0.0
191,1.0,1.0,,1.0,,,,,1.0,,,1.0,,,,,,,1.0,Enala Resort,7.9,53 reviews,1.0,1.0,,,1.0,,,,0.0,0.0
192,1.0,1.0,1.0,1.0,1.0,1.0,1.0,1.0,1.0,1.0,1.0,1.0,1.0,,1.0,,1.0,1.0,1.0,Madareem Crown Hotel,8.1,3613 reviews,1.0,1.0,1.0,,,,,,0.0,0.0
193,1.0,1.0,1.0,1.0,1.0,1.0,1.0,1.0,1.0,1.0,1.0,1.0,1.0,1.0,,,,1.0,1.0,"Park Inn by Radisson, Riyadh",8.3,3052 reviews,1.0,1.0,1.0,,,,,,0.0,0.0
194,1.0,,,,,1.0,,,,1.0,,,,,,,,,,The O Tower Residence,N/A,N/A,,,1.0,,,,,,0.0,0.0
195,1.0,,,,,,,,,1.0,,,,,,,,,,Rawda - Qaswarah Residence,N/A,N/A,1.0,1.0,,,,,,,0.0,0.0
196,1.0,,1.0,1.0,,,,1.0,,1.0,,,,,,,,1.0,,Duset Hotel Suites,8.6,1337 reviews,1.0,1.0,1.0,,,,,,0.0,0.0
197,1.0,1.0,1.0,1.0,,,,,1.0,1.0,,,,,,,,,,Hdb Hotel  Financal District,7.3,2587 reviews,1.0,1.0,,,1.0,,,,0.0,0.0
198,1.0,1.0,1.0,1.0,1.0,1.0,,1.0,,1.0,1.0,,,,1.0,1.0,,1.0,,Almuhaidb Altakhassusi 5,7.5,662 reviews,1.0,1.0,1.0,1.0,,,,,1.0,0.0
199,1.0,1.0,1.0,1.0,1.0,,1.0,1.0,1.0,1.0,,1.0,1.0,,,,,1.0,,Voyage Hotel,7.9,253 reviews,1.0,1.0,1.0,,,,,,,0.0
200,1.0,1.0,1.0,1.0,1.0,,1.0,1.0,,1.0,,1.0,1.0,,,,,1.0,1.0,Courtyard by Marriott Riyadh Northern Ring Road,8.2,998 reviews,1.0,1.0,1.0,,1.0,,,,,0.0
201,1.0,1.0,1.0,,1.0,1.0,1.0,1.0,1.0,1.0,,1.0,1.0,,,,,,,Riyadh Diplomatic Quarter - Marriott Executive Apartments,8.4,1042 reviews,1.0,1.0,1.0,,,,,,,0.0
202,1.0,1.0,,1.0,1.0,,,,,1.0,,1.0,,,,,,,,Tura Hotel,7.6,218 reviews,1.0,1.0,,,1.0,,,,,0.0
203,,1.0,1.0,,1.0,1.0,1.0,,,,,1.0,,1.0,1.0,,,,,Crowne Plaza Riyadh Palace,8.0,2895 reviews,1.0,1.0,1.0,,,,,,,0.0
204,1.0,1.0,,,,1.0,,1.0,1.0,1.0,,1.0,,,,,,1.0,,Boudl Al Fayhaa,6.0,1590 reviews,1.0,,,,,,,,,0.0
205,1.0,1.0,1.0,1.0,1.0,,1.0,1.0,1.0,1.0,,1.0,1.0,,,,,1.0,,Executives Hotel - KAFD,8.1,1681 reviews,1.0,1.0,1.0,,1.0,,,,,0.0
206,1.0,,,,,,,,,,,,,,,,,,,Amber Hospitality Al Nafel,N/A,N/A,,,,,,,,,,0.0
207,,1.0,1.0,,1.0,,,,,,1.0,,,,,,,1.0,,Dabab Hotel by Warwick (ex Best Western Plus Riyadh),N/A,N/A,,1.0,1.0,,1.0,1.0,,,,0.0
208,1.0,,,,,,,,,1.0,,,,,,,,,,Rafa Homes Al Izdihar 1,7.7,356 reviews,1.0,1.0,,,,,,,,0.0
209,,1.0,1.0,,1.0,,,,,,1.0,,,,,,,1.0,,Dabab Hotel by Warwick (ex Best Western Plus Riyadh),N/A,N/A,,1.0,1.0,,1.0,1.0,,,,0.0
210,1.0,,,,,,,1.0,,,,,,,,,,,,Taleen AlAqiq hotel apartments,N/A,N/A,1.0,1.0,1.0,,,,,,,0.0
211,1.0,1.0,1.0,1.0,1.0,,1.0,1.0,1.0,1.0,,1.0,1.0,,,,,1.0,,Executives Hotel - KAFD,8.1,1681 reviews,1.0,1.0,1.0,,1.0,,,,,0.0
212,1.0,,1.0,1.0,1.0,,,1.0,,1.0,,,,,,,,,,Aber Al Munsiyah,7.9,1099 reviews,1.0,1.0,1.0,,,,,,,0.0
213,1.0,1.0,1.0,,1.0,,,,,1.0,,,,,1.0,,,,,Aloft Riyadh Hotel,8.2,1309 reviews,1.0,1.0,,,,,,,,0.0
214,1.0,,,,,,,1.0,,1.0,,,,,,,,,,Saraya Qordoba,N/A,N/A,1.0,,1.0,,,,,,,0.0
215,1.0,,,,,,,,,,,,,,,,,,,Khreis Suites Hotel,6.0,82 reviews,1.0,1.0,,,,,,,,0.0
216,1.0,,,1.0,,,1.0,1.0,,,,,,,1.0,,,,,Iris Boutique Narjis,9.2,139 reviews,1.0,1.0,1.0,,,,,,,0.0
217,,,,,,,,,,,,,,,,,,,,Motiara Hotel - La Valle Mall,7.8,466 reviews,,1.0,,,,,,,,0.0
218,1.0,1.0,1.0,1.0,,,,,1.0,1.0,,,,,,,,,,Hdb Hotel  Financal District,7.3,2587 reviews,1.0,1.0,,,1.0,,,,,0.0
219,1.0,1.0,,1.0,,,,1.0,,1.0,,,,,,,,,,The Corner Chalets,8.1,236 reviews,,1.0,1.0,,,,,,,0.0
220,,1.0,1.0,1.0,1.0,,1.0,,,,1.0,,1.0,,1.0,,1.0,1.0,,Awfad Hotel Riyadh,7.4,2707 reviews,1.0,,1.0,,,,,,,0.0
221,1.0,,1.0,1.0,1.0,,1.0,1.0,,1.0,,1.0,,1.0,1.0,,,1.0,,DoubleTree by Hilton Riyadh - Al Muroj Business Gate,7.3,1895 reviews,1.0,1.0,1.0,,,,,,,0.0
222,1.0,,,,,,,1.0,,1.0,,,,,,,,1.0,,Deyala Hotel Suites,N/A,N/A,1.0,1.0,1.0,,,,,,,0.0
223,1.0,1.0,,,1.0,1.0,1.0,1.0,,1.0,,,,,,,,1.0,1.0,Al Diafah Hotel Suites,7.5,46 reviews,1.0,1.0,1.0,,1.0,,,,,0.0
224,1.0,1.0,1.0,1.0,1.0,1.0,1.0,1.0,1.0,1.0,,1.0,,,,,,1.0,1.0,Art View Hotel,7.9,26 reviews,1.0,1.0,1.0,,1.0,,,,,0.0
225,1.0,,,,,1.0,,1.0,,1.0,,,,,,,,,,Mira Business Hotel,N/A,N/A,1.0,1.0,1.0,,,,,,,0.0
226,1.0,,1.0,1.0,,,,1.0,1.0,1.0,,1.0,,,,,,1.0,,Motiara Hotel – Al Murouj,7.1,426 reviews,1.0,1.0,1.0,,,,,,,0.0
227,1.0,1.0,,1.0,,,,,,,,,,,,,1.0,,,Amaaria Aquapark resort Villas & Chalet,8.1,119 reviews,,1.0,,,,,,,,0.0
228,1.0,,,,,,,1.0,,1.0,,,,,,,,1.0,,Rihanna Inn Hotel Apartement,N/A,N/A,1.0,1.0,,,,,,,,0.0
229,1.0,1.0,1.0,1.0,,,,,1.0,1.0,,,,,,,,,,Hdb Hotel  Financal District,7.3,2587 reviews,1.0,1.0,,,1.0,,,,,0.0
230,1.0,,1.0,1.0,,,1.0,1.0,1.0,1.0,,1.0,1.0,,,,,,,Ross Hotel,8.5,300 reviews,1.0,1.0,1.0,,,,,,,0.0
231,1.0,,,,,,,1.0,,,,,,,,,,,,Taleen AlAqiq hotel apartments,N/A,N/A,1.0,1.0,1.0,,,,,,,0.0
232,,,,,,,,1.0,,1.0,,,,,,,,,1.0,Motiara Al Murouj,N/A,N/A,1.0,,1.0,,,,,,,0.0
233,1.0,,,1.0,,,,,1.0,1.0,,,1.0,,,,,,,Rayatna for Furnished Apartments 2,6.3,176 reviews,1.0,1.0,,,,,,,,0.0
234,1.0,1.0,,1.0,,,,,1.0,,,1.0,,,,,,,1.0,Enala Resort,7.9,53 reviews,1.0,1.0,,,1.0,,,,,0.0
235,1.0,,,,,,,1.0,,1.0,,,,,,,,,,Alyaa Home,N/A,N/A,1.0,1.0,,,,,,,,0.0
236,1.0,1.0,1.0,1.0,1.0,,,1.0,,1.0,,1.0,1.0,,,,,1.0,1.0,Al Rahden Hotel,8.3,1256 reviews,1.0,1.0,1.0,,1.0,,,,,0.0
237,1.0,,,,,,,,,1.0,,1.0,,,,,,1.0,,Baron Al Masif,6.7,424 reviews,1.0,1.0,1.0,,,,,,,0.0
238,1.0,1.0,1.0,1.0,1.0,,1.0,1.0,,1.0,,1.0,1.0,,,,,1.0,1.0,Courtyard by Marriott Riyadh Northern Ring Road,8.2,998 reviews,1.0,1.0,1.0,,1.0,,,,,0.0
239,1.0,1.0,1.0,1.0,1.0,,1.0,1.0,,1.0,,1.0,1.0,,1.0,,,1.0,1.0,Holiday Inn RIYADH THE BUSINESS DISTRICT,8.7,1439 reviews,1.0,1.0,1.0,,,,,,,0.0
240,1.0,,,1.0,,,,,1.0,1.0,,,1.0,,,,,,,Rayatna for Furnished Apartments 2,6.3,176 reviews,1.0,1.0,,,,,,,,0.0
241,1.0,,1.0,1.0,,1.0,1.0,1.0,,1.0,,1.0,,,1.0,,,1.0,1.0,Rand by Wandalus,7.2,916 reviews,1.0,1.0,1.0,,,,,,,0.0
242,,,,1.0,,,,1.0,1.0,1.0,,,,,,,,1.0,,Al Muteb Suites Al Ezdehar 2,7.0,497 reviews,1.0,1.0,1.0,,,,,,,0.0
243,1.0,,,,,,,1.0,,1.0,,,,,,,,,,Saraya Qordoba,N/A,N/A,1.0,,1.0,,,,,,,0.0
244,1.0,,,,,,,1.0,,1.0,,,,,,,,,,Saraya Qordoba,N/A,N/A,1.0,,1.0,,,,,,,0.0
245,1.0,1.0,,,,1.0,,,,1.0,,,,,,,,,,Boudl Al Munsiyah,8.0,4311 reviews,1.0,1.0,,,,,,,,0.0
246,1.0,1.0,,1.0,,,1.0,,1.0,,,,,,,,,1.0,,Almuhaidb Al Takhasosi Hotel,7.8,924 reviews,1.0,1.0,,,,,,,,0.0
247,1.0,,,,,,,1.0,,1.0,,,,,,,,1.0,,Sama Nadrin Hotel Apartments,N/A,N/A,1.0,,1.0,,,,,,,0.0
248,1.0,1.0,1.0,1.0,1.0,,1.0,1.0,1.0,1.0,,1.0,1.0,,,,,1.0,,Executives Hotel - KAFD,8.1,1681 reviews,1.0,1.0,1.0,,1.0,,,,,0.0
249,1.0,1.0,1.0,1.0,,,,1.0,,1.0,,1.0,,,1.0,,,1.0,1.0,The St. Regis Riyadh,8.2,491 reviews,,1.0,1.0,,,,,,,0.0
250,1.0,,,1.0,,,,,1.0,1.0,,,,,,,,1.0,,Dorar Darea Hotel Apartments - Al Nafl,7.2,215 reviews,1.0,1.0,1.0,,,,,,,0.0
251,,,1.0,1.0,1.0,,,,,,,1.0,,,,,,,1.0,Boudl Gaber,8.1,830 reviews,1.0,1.0,,,,,,,,0.0
252,1.0,,1.0,1.0,1.0,,1.0,1.0,,1.0,,1.0,,1.0,1.0,,,1.0,,DoubleTree by Hilton Riyadh - Al Muroj Business Gate,7.3,1895 reviews,1.0,1.0,1.0,,,,,,,0.0
253,1.0,,,,,1.0,,,,1.0,,,,,,,,,,The O Tower Residence,N/A,N/A,,,1.0,,,,,,,0.0
254,1.0,1.0,1.0,1.0,1.0,1.0,1.0,1.0,1.0,1.0,,1.0,1.0,,,,,1.0,1.0,Novotel Suites Riyadh Olaya,7.3,2435 reviews,1.0,1.0,1.0,,1.0,,,,,0.0
255,1.0,,1.0,1.0,,1.0,1.0,1.0,,1.0,1.0,1.0,,,,,,1.0,1.0,Mena Hotel Nasiriah Riyadh,8.2,3656 reviews,1.0,1.0,1.0,,,,,,,0.0
256,,1.0,1.0,1.0,1.0,,1.0,1.0,1.0,1.0,,1.0,,1.0,,,,1.0,,Braira Hotel Olaya - By Boudl,8.4,4315 reviews,1.0,,,,,,,,,0.0
257,,,1.0,,,,,,,,,,,,,,,,,Al-Muteb Suites Khreis,N/A,N/A,,1.0,,,,,,,,0.0
258,1.0,,,1.0,,,,,,1.0,,,1.0,,,,,1.0,,Al Muteb Suites Khurais,5.1,220 reviews,1.0,1.0,1.0,,,,,,,0.0
259,1.0,1.0,1.0,,1.0,1.0,1.0,,,,1.0,1.0,,,1.0,,,,,Hilton Riyadh Hotel & Residences,8.3,9245 reviews,1.0,,,,,,,,,0.0
260,1.0,1.0,1.0,1.0,,,,,1.0,1.0,,,,,,,,,,Hdb Hotel  Financal District,7.3,2587 reviews,1.0,1.0,,,1.0,,,,,0.0
261,1.0,,,,,,,,,1.0,,,,,,,,,,Rafa Homes Al Izdihar 1,7.7,356 reviews,1.0,1.0,,,,,,,,0.0
262,1.0,1.0,1.0,1.0,1.0,1.0,,1.0,,1.0,1.0,1.0,,,,,,1.0,1.0,Four Seasons Hotel Riyadh,8.9,3197 reviews,1.0,1.0,1.0,,,1.0,,,,0.0
263,1.0,1.0,1.0,1.0,1.0,,1.0,1.0,1.0,1.0,,1.0,1.0,,,,,,,Continent Hotel Al Waha Riyad,7.7,1696 reviews,1.0,1.0,1.0,,1.0,,,,,0.0
264,1.0,,,,,,,,,,,,,,,,,,,Holiday Plus Cordoba,6.8,380 reviews,1.0,1.0,,,,,,,,0.0
265,1.0,,,,,,,,,,,,,,,,,,,Al Baron Palace Riyadh,N/A,N/A,1.0,1.0,1.0,,,,,,,0.0
266,1.0,1.0,1.0,1.0,1.0,,1.0,1.0,,,,1.0,,,,,,,1.0,ALMA Hotel,N/A,N/A,1.0,1.0,,,,,,,,0.0
267,1.0,,,,,,,,,1.0,,,,,,,,,,Al Muteb Suites Al Falah 1,N/A,N/A,1.0,1.0,,,,,,,,0.0
268,1.0,,,1.0,,,1.0,1.0,,1.0,,,,,,,,1.0,,Rest Night Hotel Suites- - AL Nafal,6.2,688 reviews,1.0,1.0,1.0,,,,,,,0.0
269,1.0,,1.0,1.0,1.0,1.0,1.0,1.0,,1.0,,1.0,1.0,1.0,,1.0,,1.0,1.0,"InterContinental Durrat Al Riyadh Resort & Spa, an IHG Hotel",8.3,1127 reviews,1.0,1.0,1.0,1.0,,,,1.0,,0.0
270,1.0,,,,1.0,1.0,1.0,1.0,,1.0,,,,,,,,1.0,1.0,Al Muteb Suites Heritage Hotel,N/A,N/A,1.0,1.0,1.0,,,,,,,0.0
271,1.0,1.0,1.0,1.0,1.0,1.0,1.0,1.0,,1.0,,1.0,1.0,,,,,1.0,,Braira Qurtubah Riyadh,8.2,10463 reviews,1.0,1.0,1.0,,1.0,,,,,0.0
272,1.0,,1.0,1.0,1.0,1.0,1.0,,,1.0,,1.0,,,1.0,,,,,Ewaa Express Hotel - Khorais,8.3,1791 reviews,1.0,1.0,,,,,,,,0.0
273,1.0,,,,,,,1.0,,1.0,,,,,,,,,,Marin Suit El Swedi,N/A,N/A,1.0,1.0,1.0,,,,,,,0.0
274,1.0,1.0,1.0,1.0,,,,,1.0,1.0,,,,,,,,,,Hdb Hotel  Financal District,7.3,2587 reviews,1.0,1.0,,,1.0,,,,,0.0
275,1.0,1.0,1.0,,1.0,1.0,1.0,1.0,1.0,1.0,,1.0,1.0,,,,,,,Riyadh Diplomatic Quarter - Marriott Executive Apartments,8.4,1042 reviews,1.0,1.0,1.0,,,,,,,0.0
276,,,,1.0,,,,,,,,,,,,,,1.0,,Taleen AlSahafa Hotel Apartments,5.9,368 reviews,1.0,1.0,1.0,,,1.0,,,,0.0
277,1.0,,,,,,,,,,,,,,,,,,,Aparthotel Ollya Riyadh,N/A,N/A,,,,,,,,,,0.0
278,,,,1.0,1.0,,1.0,,,,,,,,,,,,1.0,Al Muhaidb Khanshalila,7.5,408 reviews,1.0,1.0,,,,,,,,0.0
279,1.0,1.0,1.0,1.0,1.0,,1.0,1.0,1.0,1.0,,1.0,,,,,,1.0,1.0,Hayat Alriyadh Hotel,7.7,17 reviews,1.0,1.0,1.0,,1.0,,,,,0.0
280,1.0,1.0,,,1.0,,,,,1.0,,1.0,,,,,,,,Aber Al Yasmin,8.4,1496 reviews,1.0,,,,,,,,,0.0
281,1.0,,,,,,,,,,,,,,,,,,,AlMutab Suites Yarmouk,N/A,N/A,,,,,,,,,,0.0
282,1.0,,1.0,1.0,1.0,1.0,,,,1.0,,,,,1.0,,,1.0,,Dorar Darea Hotel Apartments - Al Malqa 2,7.4,242 reviews,1.0,1.0,1.0,,,,,,,0.0
283,1.0,1.0,,1.0,1.0,,,,,1.0,,1.0,,,,,,,,Tura Hotel,7.6,218 reviews,1.0,1.0,,,1.0,,,,,0.0
284,1.0,1.0,,,1.0,,,,,1.0,,1.0,,,,,,,,Aber Al Yasmin,8.4,1496 reviews,1.0,,,,,,,,,0.0
285,1.0,,,1.0,,,,1.0,1.0,1.0,,,,,,,,1.0,,Ahlin Suites 2,7.7,450 reviews,,1.0,1.0,,,,,,,0.0
286,1.0,,,1.0,,1.0,1.0,1.0,,1.0,,1.0,,,,,,1.0,,Mena Andalusia Hotel,6.3,2490 reviews,1.0,1.0,1.0,,,,,,,0.0
287,,,,1.0,1.0,,,,1.0,,,,,,1.0,,,1.0,,Boudl Al Olaya Hotel,7.9,1045 reviews,1.0,1.0,1.0,,,,,,,0.0
288,1.0,,,1.0,,,1.0,,,1.0,,,,,,,,1.0,,Almuhaidb Down Town,8.7,1412 reviews,1.0,1.0,1.0,,,,,,,0.0
289,1.0,,,,,,,1.0,,1.0,,,,,,,,,,Saraya Qordoba,N/A,N/A,1.0,,1.0,,,,,,,0.0
290,1.0,1.0,,1.0,1.0,,1.0,,,1.0,,,,,,,1.0,,,Almuhaidb Salahuddin- Almalaz,7.7,1182 reviews,1.0,1.0,1.0,,1.0,,,,,0.0
291,,,1.0,1.0,,,,,,1.0,,,,,,,,1.0,,Erfad Hotel,N/A,N/A,1.0,1.0,1.0,,,,,,,0.0
292,1.0,,,1.0,,1.0,1.0,1.0,,1.0,,1.0,,,,,,1.0,,Mena Andalusia Hotel,6.3,2490 reviews,1.0,1.0,1.0,,,,,,,0.0
293,1.0,1.0,1.0,1.0,1.0,,1.0,1.0,,1.0,,1.0,,,1.0,,,1.0,1.0,Executives Hotel Al Azizia,7.9,866 reviews,1.0,1.0,1.0,,1.0,,,,,0.0
294,1.0,1.0,1.0,1.0,1.0,,1.0,1.0,,1.0,,1.0,,,,,,1.0,,Sarwat Park Hotel Riyadh,8.1,896 reviews,1.0,1.0,1.0,,,,,,,0.0
295,1.0,,,,,,,1.0,,1.0,,,,,,,,1.0,,Deyala Hotel Suites,N/A,N/A,1.0,1.0,1.0,,,,,,,0.0
296,1.0,,,,,,,1.0,,,,,,,,,,1.0,,AlMuhaidb Nadwaa Aparthotel,7.0,511 reviews,1.0,1.0,1.0,,,,,,,0.0
297,,,,,,,,,,,,,,,,,,,,Karem Riyadh Residence - Hotel Apartment,N/A,N/A,,,,,,,,,,0.0
298,1.0,1.0,,1.0,1.0,,,1.0,,1.0,,1.0,,,,,,,,Braira Al Wezarat,8.4,4149 reviews,1.0,1.0,1.0,,,,,,,0.0
299,1.0,1.0,1.0,1.0,1.0,1.0,1.0,1.0,1.0,1.0,1.0,1.0,1.0,,,,,1.0,1.0,"Narcissus Hotel & Spa, Riyadh",8.6,5295 reviews,1.0,1.0,1.0,,1.0,,,,,0.0
300,1.0,1.0,1.0,1.0,1.0,1.0,1.0,1.0,1.0,1.0,,1.0,1.0,,,,,1.0,1.0,Novotel Suites Riyadh Olaya,7.3,2435 reviews,1.0,1.0,1.0,,1.0,,,,,0.0
301,,,1.0,,,1.0,,1.0,,,1.0,,,,,,,1.0,,Executive Suites,N/A,N/A,1.0,1.0,1.0,,,,,,,0.0
302,1.0,,,,,,1.0,1.0,,,,,,,,,,,,Neyara Almalaz 5,6.9,970 reviews,1.0,1.0,1.0,,,,,,,0.0
303,1.0,,,1.0,,,1.0,1.0,,1.0,,,,,,,,1.0,,Rest Night Hotel Apartment,N/A,N/A,1.0,1.0,1.0,,1.0,,,,,0.0
304,,,,,,,,,,,,,,,,,,,,Ross Hotel,N/A,N/A,,,,,,,,,,0.0
305,,,,,,,,,,,,,,,,,,,,Ross Hotel,N/A,N/A,,,,,,,,,,0.0
306,1.0,1.0,1.0,1.0,1.0,,1.0,1.0,,1.0,,1.0,1.0,,,,,1.0,,Hilton Garden Inn Riyadh Financial District,7.8,2471 reviews,1.0,1.0,1.0,,1.0,,,,,0.0
307,1.0,,,,,,,1.0,,1.0,,,,,,,,,,Alyaa Home,N/A,N/A,1.0,1.0,,,,,,,,0.0
308,1.0,,1.0,1.0,,1.0,1.0,1.0,1.0,1.0,,1.0,1.0,1.0,1.0,1.0,,1.0,1.0,Fraser Suites Riyadh,8.1,2188 reviews,1.0,1.0,1.0,,,,,1.0,,0.0
309,1.0,,1.0,1.0,1.0,1.0,1.0,,,1.0,,1.0,,,1.0,,,,,Ewaa Express Hotel - Khorais,8.3,1791 reviews,1.0,1.0,,,,,,,,0.0
310,1.0,,1.0,1.0,1.0,,,1.0,1.0,1.0,,1.0,,1.0,1.0,,,1.0,,Super 8 by Wyndham Al Riyadh,7.3,645 reviews,1.0,,,,,,,,,0.0
311,1.0,1.0,,1.0,1.0,,,,,1.0,,1.0,,,,,,,,Tura Hotel,7.6,218 reviews,1.0,1.0,,,1.0,,,,,0.0
312,1.0,,1.0,1.0,,,,1.0,,1.0,,,,,,,,1.0,,Revan Palace,6.9,249 reviews,1.0,1.0,1.0,,,,,,,0.0
313,1.0,1.0,1.0,1.0,1.0,1.0,1.0,1.0,1.0,1.0,,1.0,,,1.0,,1.0,1.0,,HDB Sahafa,8.1,4718 reviews,1.0,1.0,1.0,,,,,,,0.0
314,1.0,,1.0,1.0,1.0,,,,,1.0,,,,,,,,,,Dara Al Rayan,8.6,574 reviews,,,,,,,,,,0.0
315,1.0,1.0,1.0,1.0,1.0,1.0,1.0,1.0,1.0,1.0,1.0,1.0,1.0,,,,,1.0,1.0,"Narcissus Hotel & Spa, Riyadh",8.6,5295 reviews,1.0,1.0,1.0,,1.0,,,,,0.0
316,1.0,,,,,,,1.0,,1.0,,,,,,,,,,Al Muteb Suites Al Falah 3,N/A,N/A,1.0,1.0,,,,,,,,0.0
317,1.0,,1.0,1.0,1.0,1.0,1.0,,,1.0,,1.0,,,1.0,,,,,Ewaa Express Hotel - Khorais,8.3,1791 reviews,1.0,1.0,,,,,,,,0.0
318,1.0,1.0,1.0,1.0,1.0,1.0,1.0,1.0,1.0,1.0,,1.0,1.0,,,,,1.0,1.0,"Mandarin Oriental Al Faisaliah, Riyadh",8.6,5931 reviews,1.0,1.0,1.0,1.0,1.0,,,,,0.0
319,1.0,,,,,,,,,,,,,,,,,,,Al Baron Palace Riyadh,N/A,N/A,1.0,1.0,1.0,,,,,,,0.0
320,1.0,,,,,,,,,1.0,,1.0,,,,,,1.0,,Baron Al Masif,6.7,424 reviews,1.0,1.0,1.0,,,,,,,0.0
321,1.0,,,1.0,,,,,,1.0,,,1.0,,,,,,,Al Farhan Hotel Suites Al Aqiq,6.3,200 reviews,1.0,1.0,1.0,,,,,,,0.0
322,1.0,1.0,1.0,1.0,1.0,,1.0,1.0,,1.0,,1.0,,,1.0,,,1.0,1.0,Executives Hotel Al Azizia,7.9,866 reviews,1.0,1.0,1.0,,1.0,,,,,0.0
323,1.0,,1.0,1.0,,,1.0,1.0,1.0,1.0,,1.0,1.0,1.0,1.0,,,1.0,,Grand Plaza Hotel - Dhabab Riyadh,8.3,1450 reviews,1.0,1.0,1.0,,,,,,,0.0
324,1.0,1.0,1.0,1.0,,,,1.0,,1.0,,,,,,,1.0,,,Smayah Hotel,8.6,645 reviews,1.0,1.0,1.0,,1.0,,,,,0.0
325,,,1.0,1.0,,,,,,1.0,,,,,1.0,,,,,Al Farhan Hotel Suites Al Aqiq,N/A,N/A,1.0,1.0,1.0,,,,,,,0.0
326,,,1.0,,,,,,,,,,,,,,,,,Al-Muteb Suites Al-Nagah,N/A,N/A,,1.0,,,,,,,,0.0
327,,,,,,1.0,1.0,1.0,,1.0,,1.0,,,,,,,1.0,Damac Towers Riyadh برج داماك الرياض,N/A,N/A,1.0,1.0,1.0,,,,,,,0.0
328,1.0,1.0,1.0,1.0,1.0,,1.0,1.0,1.0,1.0,,1.0,1.0,,,,,1.0,,Executives Hotel - KAFD,8.1,1681 reviews,1.0,1.0,1.0,,1.0,,,,,0.0
329,1.0,,,1.0,,,,,,1.0,,,,,,,,1.0,,AlMuhaidb Tahliya - Olaya,5.7,313 reviews,1.0,1.0,1.0,,,,,,,0.0
330,,,,1.0,,,,1.0,1.0,1.0,,,,,,,,1.0,,Al Muteb Suites Al Ezdehar 2,7.0,497 reviews,1.0,1.0,1.0,,,,,,,0.0
331,1.0,,,,,,1.0,1.0,,,,,,,,,,,,Neyara Almalaz 5,6.9,970 reviews,1.0,1.0,1.0,,,,,,,0.0
332,1.0,,1.0,1.0,1.0,1.0,,1.0,1.0,,,1.0,,,1.0,,,1.0,,Grand Plaza Hotel - Takhasosi Riyadh,8.3,4037 reviews,1.0,,,,,,,,,0.0
333,,,,,,,,,,,,,,,,,,,,Enala Resort,N/A,N/A,,,,,,,,,,0.0
334,1.0,1.0,1.0,1.0,1.0,,1.0,1.0,,1.0,,1.0,,,1.0,,,1.0,1.0,Executives Hotel Al Azizia,7.9,866 reviews,1.0,1.0,1.0,,1.0,,,,,0.0
335,1.0,,1.0,1.0,,,,1.0,,,,,,,1.0,,,1.0,,Intour Qurtoba Hotel Suites,7.0,338 reviews,1.0,1.0,1.0,,,,,,,0.0
336,1.0,1.0,1.0,1.0,,,,,1.0,1.0,,,,,,,,,,Hdb Hotel  Financal District,7.3,2587 reviews,1.0,1.0,,,1.0,,,,,0.0
337,1.0,1.0,,,,,,,,,,,,,,,,1.0,1.0,Fairmont Riyadh,N/A,N/A,,,,,,,,,,0.0
338,,,1.0,,,,,,,,,,,,,,,,,Al-Muteb Suites Khreis,N/A,N/A,,1.0,,,,,,,,0.0
339,1.0,,,,,,1.0,1.0,,1.0,,,,,,,,1.0,,Celine Home Hotel,N/A,N/A,1.0,1.0,1.0,,,,,,,0.0
340,1.0,,,1.0,,,1.0,1.0,,1.0,,,,,,1.0,1.0,1.0,,Ewaa Express Hotel - Gaber,8.7,2032 reviews,1.0,1.0,1.0,,,,,,,0.0
341,1.0,,,,,,,,,,,,,,,,,,,Al Baron Palace Riyadh,N/A,N/A,1.0,1.0,1.0,,,,,,,0.0
342,,,,,,,,,,,,,,,,,,,,Al-Mutab Suites Dammam Road,N/A,N/A,,,,,,,,,,0.0
343,1.0,,1.0,1.0,,,1.0,1.0,1.0,1.0,,1.0,1.0,,,,,,,Ross Hotel,8.5,300 reviews,1.0,1.0,1.0,,,,,,,0.0
344,1.0,1.0,,,,1.0,,1.0,1.0,1.0,,1.0,,,,,,1.0,,Boudl Al Fayhaa,6.0,1590 reviews,1.0,,,,,,,,,0.0
345,,,1.0,1.0,1.0,,,,,,,1.0,,,,,,,1.0,Boudl Gaber,8.1,830 reviews,1.0,1.0,,,,,,,,0.0
346,1.0,,,1.0,,,,,,1.0,,,,,,,,1.0,,AlMuhaidb Tahliya - Olaya,5.7,313 reviews,1.0,1.0,1.0,,,,,,,0.0
347,1.0,1.0,,1.0,1.0,1.0,1.0,1.0,,1.0,,,,,,,1.0,1.0,1.0,Rest Night Hotel Apartment- AlHamra,7.5,2095 reviews,1.0,1.0,1.0,,1.0,,,,,0.0
348,1.0,1.0,1.0,1.0,1.0,,,1.0,,1.0,,1.0,1.0,,,,,1.0,1.0,Al Rahden Hotel,8.3,1256 reviews,1.0,1.0,1.0,,1.0,,,,,0.0
349,1.0,,,,,,,,,,,,,,,,,,,AlMuhaidb Furnished Units King Abdulaziz,6.6,530 reviews,1.0,1.0,,,,,,,,0.0
350,1.0,,1.0,1.0,,,,,,1.0,,,,,1.0,,,,,Boudl Al Sulimanyah,8.2,2074 reviews,1.0,1.0,1.0,,,,,,,0.0
351,1.0,,,1.0,,,,,,1.0,,,,,,,,,,Antola Resort Al Rimal,7.4,37 reviews,,1.0,,,,1.0,,,,0.0
352,1.0,,,1.0,,,,,,1.0,,,,,,,,1.0,,AlMuhaidb Tahliya - Olaya,5.7,313 reviews,1.0,1.0,1.0,,,,,,,0.0
353,1.0,,,,,,,1.0,,1.0,,,,,,,,,,Al Muteb Suites Granada,N/A,N/A,1.0,,1.0,,,,,,,0.0
354,1.0,,,,,,,,,,,,,,,,,,,silvana aparthotel,N/A,N/A,,,,,,,,,,0.0
355,1.0,,,,,,,1.0,,1.0,,,,,,,,1.0,,Deyala Hotel Suites,N/A,N/A,1.0,1.0,1.0,,,,,,,0.0
356,1.0,,,,,,,1.0,,1.0,,,,,,,,,,Al Muteb Suites Al Yarmouk 2,N/A,N/A,1.0,1.0,,,,,,,,0.0
357,1.0,1.0,1.0,1.0,1.0,1.0,1.0,1.0,1.0,1.0,,1.0,1.0,,,,1.0,1.0,,Novotel Suites Riyadh Centre,7.8,783 reviews,1.0,1.0,1.0,,1.0,,,,,0.0
358,1.0,1.0,,1.0,1.0,,,,1.0,1.0,,,,,,,1.0,,1.0,Boudl Al Malaz,6.8,679 reviews,1.0,1.0,1.0,,,,,,,0.0
359,1.0,,,,,1.0,,1.0,,1.0,,,,,,,,,,Mira Business Hotel,N/A,N/A,1.0,1.0,1.0,,,,,,,0.0
360,1.0,1.0,1.0,,1.0,,1.0,1.0,1.0,,,,,,,,,,,Dara Hotel Qurtubah,8.2,1514 reviews,1.0,,1.0,,,,,,,0.0
361,1.0,,,,,1.0,,,,1.0,,,,,,,,,,The O Tower Residence,N/A,N/A,,,1.0,,,,,,,0.0
362,1.0,1.0,1.0,1.0,1.0,1.0,1.0,1.0,,1.0,,,,,,,1.0,,,Smayah Residence,8.6,684 reviews,1.0,1.0,1.0,,1.0,,,,,0.0
363,,1.0,1.0,,1.0,,,,,,1.0,,,,,,,1.0,,Dabab Hotel by Warwick (ex Best Western Plus Riyadh),N/A,N/A,,1.0,1.0,,1.0,1.0,,,,0.0
364,,,,,,,,,,,,,,,,,,,,Villa Palma Compound,N/A,N/A,,,,,,,,,,0.0
365,1.0,,1.0,,1.0,1.0,,1.0,,1.0,,,,,,,,1.0,1.0,Hyatt Buyutat,6.5,851 reviews,1.0,1.0,1.0,,1.0,,,,,0.0
366,1.0,1.0,1.0,1.0,1.0,1.0,1.0,1.0,,1.0,1.0,1.0,,,1.0,1.0,1.0,1.0,1.0,Radisson Hotel & Residence Riyadh Olaya,9.1,52 reviews,1.0,1.0,1.0,1.0,1.0,,1.0,,1.0,1.0
367,,,,,,,,1.0,1.0,,,,,,,,,1.0,,Janatna Furnished Apartments,7.0,61 reviews,1.0,1.0,1.0,,,1.0,,,,
368,1.0,,1.0,1.0,1.0,1.0,1.0,1.0,1.0,1.0,,1.0,1.0,1.0,1.0,,,1.0,,Grand Plaza Hotel - Gulf Riyadh,8.5,4896 reviews,1.0,1.0,1.0,,,,,,,
369,1.0,,1.0,1.0,,,,1.0,,1.0,,,,,,,,1.0,,Revan Palace,6.9,249 reviews,1.0,1.0,1.0,,,,,,,
370,,,,,,,,,,,,,,,,,,,,Villa Palma Compound,N/A,N/A,,,,,,,,,,
371,1.0,,,,,,,1.0,,1.0,,,,,,,,,,Taleen Al Nadwa,5.6,418 reviews,1.0,1.0,,,,,,,,
372,1.0,,,1.0,,,,,,1.0,,,,,,,,,,Taleen Durrat Al Nakhil,N/A,N/A,1.0,1.0,1.0,,,,,,,
373,1.0,1.0,1.0,1.0,1.0,,,1.0,,1.0,,1.0,1.0,,,,,1.0,,Le Méridien Riyadh,8.3,1521 reviews,1.0,,1.0,,,,,,,
374,,,,,,,,1.0,1.0,,,,,,,,,1.0,,Janatna Furnished Apartments,7.0,61 reviews,1.0,1.0,1.0,,,1.0,,,,
375,,,1.0,1.0,1.0,1.0,1.0,1.0,1.0,1.0,1.0,1.0,1.0,1.0,1.0,,,1.0,1.0,Riyadh Airport Marriott Hotel,8.3,3988 reviews,1.0,,,1.0,1.0,,,,,
376,1.0,1.0,,,1.0,1.0,,1.0,1.0,1.0,,,,,,,,,,Voyage Residence,8.8,176 reviews,1.0,1.0,1.0,,1.0,,,,,
377,1.0,1.0,1.0,1.0,1.0,1.0,1.0,1.0,1.0,1.0,,1.0,,,1.0,,,1.0,,Executives Hotel - Olaya,7.7,2841 reviews,1.0,1.0,1.0,,1.0,,,,,
378,1.0,,,1.0,,,,,,1.0,,,,,,,,,,Antola Resort Al Rimal,7.4,37 reviews,,1.0,,,,1.0,,,,
379,1.0,,,,,,,1.0,,1.0,,,,,,,,1.0,,Sama Nadrin Hotel Apartments,N/A,N/A,1.0,,1.0,,,,,,,
380,1.0,,,,,,,1.0,,,,,,,,,,1.0,,AlMuhaidb Nadwaa Aparthotel,7.0,511 reviews,1.0,1.0,1.0,,,,,,,
381,1.0,,,1.0,,,,,,1.0,,,1.0,,,,,,,Al Farhan Hotel Suites Al Aqiq,6.3,200 reviews,1.0,1.0,1.0,,,,,,,
382,,,,1.0,1.0,,1.0,,,,,,,,,,,,,Boudl Al Wadi,7.9,664 reviews,1.0,1.0,1.0,,,,,,,
383,1.0,,,,,,,,,1.0,,,,,,,,,,Amber Hospitality Izdihar,9.6,75 reviews,,,,,,,,,,
384,,,,1.0,1.0,,1.0,,,,,,,,,,,,,Boudl Al Wadi,7.9,664 reviews,1.0,1.0,1.0,,,,,,,
385,1.0,1.0,1.0,1.0,1.0,1.0,1.0,1.0,1.0,1.0,,1.0,1.0,,,,,1.0,1.0,Al Hamra Palace by Warwick,7.0,1074 reviews,1.0,1.0,1.0,,1.0,,,,,
386,1.0,,1.0,1.0,,,,1.0,1.0,1.0,,1.0,,,,,,1.0,,Motiara Hotel – Al Murouj,7.1,426 reviews,1.0,1.0,1.0,,,,,,,
387,1.0,,,1.0,1.0,,1.0,1.0,,1.0,,,,,,1.0,,1.0,,Rose Garden Hotel,6.7,1237 reviews,1.0,1.0,1.0,,,,,,,
388,1.0,,,,,,,1.0,,1.0,,,,,,,,,,Holiday Al Khaleej Al Najah,N/A,N/A,1.0,1.0,1.0,,,,,,,
389,1.0,1.0,1.0,1.0,1.0,,1.0,1.0,1.0,1.0,1.0,,1.0,,,,,1.0,1.0,Crowne Plaza Hotel Riyadh Minhal,8.6,3016 reviews,1.0,1.0,1.0,,,,,,,
390,1.0,1.0,1.0,1.0,1.0,1.0,1.0,1.0,1.0,1.0,1.0,1.0,1.0,,1.0,,1.0,1.0,1.0,Madareem Crown Hotel,8.1,3613 reviews,1.0,1.0,1.0,,,,,,,
391,1.0,1.0,,1.0,,,,1.0,,1.0,,,,,,,,,,The Corner Chalets,8.1,236 reviews,,1.0,1.0,,,,,,,
392,1.0,,1.0,1.0,,,1.0,1.0,,1.0,,1.0,,,1.0,,,1.0,,Sixty Three Hotel,7.0,169 reviews,1.0,1.0,1.0,,,,,,,
393,1.0,1.0,1.0,1.0,1.0,,1.0,1.0,,1.0,,1.0,1.0,,,,,1.0,,Holiday Inn RIYADH - MEYDAN,7.5,1207 reviews,1.0,1.0,1.0,,,,,,,
394,1.0,1.0,,1.0,,,,,,,,,,,,,1.0,,,Amaaria Aquapark resort Villas & Chalet,8.1,119 reviews,,1.0,,,,,,,,
395,1.0,,,,,,,,,,,,,,,,,,,Khreis Suites Hotel,6.0,82 reviews,1.0,1.0,,,,,,,,
396,,,1.0,1.0,,,,,,1.0,,,,,1.0,,,,,Al Farhan Hotel Suites Al Aqiq,N/A,N/A,1.0,1.0,1.0,,,,,,,
397,1.0,1.0,,,1.0,1.0,1.0,1.0,1.0,1.0,,1.0,,,1.0,,,,,Movenpick Hotel And Residences Riyadh,8.8,14178 reviews,,1.0,,,,,,,,
398,1.0,,,,,,,1.0,,1.0,,,,,,,,1.0,,Sama Nadrin Hotel Apartments,N/A,N/A,1.0,,1.0,,,,,,,
399,1.0,,,,,,,,,,,,,,,,,,,AlMutab Suites Yarmouk,N/A,N/A,,,,,,,,,,
400,1.0,1.0,,,,1.0,,,,1.0,,,,,,,,,,Boudl Al Munsiyah,8.0,4311 reviews,1.0,1.0,,,,,,,,
401,,,,,,1.0,1.0,1.0,,1.0,,1.0,,,,,,,1.0,Damac Towers Riyadh برج داماك الرياض,N/A,N/A,1.0,1.0,1.0,,,,,,,
402,1.0,,,1.0,,,,1.0,,1.0,,,,,,,,,,Al Amoria Furnished Apartments 3,N/A,N/A,1.0,1.0,1.0,,,,,,,
403,1.0,,,,,,,1.0,1.0,,,,,,,,,1.0,,AlMuhaidb For Hotel Apartments 24,6.4,393 reviews,1.0,,,,,,,,,
404,1.0,,,,,,,1.0,,1.0,,,,,,,,,,Saraya Qordoba,N/A,N/A,1.0,,1.0,,,,,,,
405,1.0,,1.0,1.0,1.0,1.0,1.0,,,1.0,,1.0,,,1.0,,,,,Ewaa Express Hotel - Khorais,8.3,1791 reviews,1.0,1.0,,,,,,,,
406,1.0,,,,,,,,,,,,,,,,,,,Khreis Suites Hotel,6.0,82 reviews,1.0,1.0,,,,,,,,
407,1.0,1.0,,1.0,1.0,,1.0,,,1.0,,,,,,,1.0,,,Almuhaidb Salahuddin- Almalaz,7.7,1182 reviews,1.0,1.0,1.0,,1.0,,,,,
408,1.0,,,,,,,,,,,,,,,,,,,AlMutab Suites Yarmouk,N/A,N/A,,,,,,,,,,
409,1.0,1.0,1.0,,1.0,,1.0,1.0,,1.0,,1.0,1.0,,1.0,,,,,Hyatt Place Riyadh Sulaimania,8.5,447 reviews,1.0,1.0,1.0,,,,,,,
410,1.0,,,,,,,,,1.0,,,,,,,,,,Rawda - Qaswarah Residence,N/A,N/A,1.0,1.0,,,,,,,,
411,1.0,,,1.0,,,,1.0,,,,,,,,,,1.0,,Merfal Hotel Apartments Al Taawan,6.6,396 reviews,1.0,,1.0,,,,,,,
412,1.0,1.0,,1.0,1.0,,,,,1.0,,1.0,,,,,,,,Tura Hotel,7.6,218 reviews,1.0,1.0,,,1.0,,,,,
413,1.0,,,1.0,,,,,,1.0,,,,,,,,1.0,,Taleen Granada hotel apartments,6.3,50 reviews,1.0,1.0,1.0,,,,,,,
414,1.0,1.0,1.0,,1.0,1.0,,,,,,1.0,,,1.0,,,,,Fairmont Riyadh,8.6,4405 reviews,1.0,1.0,1.0,,,,,,,
415,1.0,,,,,,,,,1.0,,,,,,,,,,Taleen Al Nakheel Apartment,6.3,365 reviews,1.0,1.0,,,,,,,,
416,,,,,,,,,,,,,,,,,,1.0,,"Al Masem Hotel Suites, King Fahd District",N/A,N/A,,1.0,,,,,,,,
417,,,,,,,1.0,,,,,,,,,,,,1.0,RosaGrandHotel,N/A,N/A,,,1.0,,,,,,,
418,1.0,1.0,1.0,1.0,1.0,1.0,1.0,1.0,1.0,1.0,,,,,1.0,,,1.0,1.0,Jareed Hotel Riyadh,9.0,1443 reviews,1.0,1.0,1.0,,,,,,,
419,1.0,,,1.0,,,,,,,,,,,,,,,,Myrtle Al Sahafa,7.5,1872 reviews,,1.0,,,,,,,,
420,1.0,,,1.0,1.0,,,1.0,,1.0,,1.0,,,,,,1.0,,Boudl Al Sahafa,8.2,791 reviews,1.0,1.0,1.0,,,,,,,
421,1.0,1.0,1.0,,1.0,1.0,,,1.0,1.0,,1.0,1.0,,1.0,,,,,Swiss International Royal Hotel Riyadh,7.5,901 reviews,1.0,1.0,1.0,,,,,,,
422,,,,,,,,,,,,,,,,,,,,Al-Mutab Suites Dammam Road,N/A,N/A,,,,,,,,,,
423,1.0,,,1.0,,,1.0,,,1.0,,,,,,,,1.0,,Almuhaidb Down Town,8.7,1412 reviews,1.0,1.0,1.0,,,,,,,
424,1.0,,,,,,,1.0,,1.0,,,,,,,,,,Marin Suit El Swedi,N/A,N/A,1.0,1.0,1.0,,,,,,,
425,1.0,,,,,,,,,1.0,,,,,,,,,,Taleen Al Nakheel Apartment,6.3,365 reviews,1.0,1.0,,,,,,,,
426,1.0,1.0,1.0,,1.0,1.0,1.0,1.0,1.0,1.0,,1.0,,,,,,,,Marriott Riyadh Diplomatic Quarter,8.3,273 reviews,1.0,1.0,1.0,,,,,,,
427,1.0,1.0,1.0,1.0,1.0,1.0,1.0,1.0,1.0,1.0,,1.0,1.0,,,,,1.0,1.0,Dabab Hotel by Warwick,7.3,1606 reviews,1.0,1.0,1.0,,1.0,,,,,
428,1.0,1.0,1.0,1.0,1.0,,1.0,1.0,1.0,1.0,,1.0,1.0,,,,,1.0,,Voyage Hotel,7.9,253 reviews,1.0,1.0,1.0,,,,,,,
429,1.0,1.0,1.0,1.0,1.0,,1.0,1.0,1.0,1.0,,1.0,1.0,,,,,,,Continent Hotel Al Waha Riyad,7.7,1696 reviews,1.0,1.0,1.0,,1.0,,,,,
430,1.0,1.0,1.0,1.0,1.0,1.0,,1.0,,1.0,,1.0,1.0,,,,,,,Braira Al Yarmouk Hotel,8.6,4939 reviews,1.0,1.0,1.0,,1.0,,,,,
431,1.0,,,,,,,,,1.0,,,,,,,,,,Mabaat - Al Yasmeen - 454,7.7,3 reviews,1.0,1.0,,,,,,,,
432,1.0,1.0,,1.0,1.0,,1.0,,,1.0,,,,,,,,,,Almuhaidb Jarir - Almalaz,7.5,366 reviews,1.0,1.0,1.0,,1.0,,,,,
433,1.0,1.0,1.0,1.0,1.0,1.0,1.0,1.0,1.0,1.0,,1.0,1.0,,,,,1.0,1.0,Dabab Hotel by Warwick,7.3,1606 reviews,1.0,1.0,1.0,,1.0,,,,,
434,1.0,,,,,1.0,,1.0,,1.0,1.0,,,,,,,1.0,,Luxury Night Hotel,N/A,N/A,1.0,,1.0,,,,,,,
435,1.0,1.0,1.0,1.0,1.0,1.0,1.0,1.0,,1.0,1.0,1.0,,,1.0,1.0,1.0,1.0,1.0,Radisson Hotel & Residence Riyadh Olaya,9.1,52 reviews,1.0,1.0,1.0,1.0,1.0,,1.0,,1.0,1.0
436,,,,,,,,,,,,,,,,,,,,Al Mutaab Sweet Granada,N/A,N/A,,1.0,,,,,,,,
437,1.0,1.0,1.0,1.0,1.0,,1.0,1.0,,1.0,,1.0,1.0,,,,,1.0,1.0,Courtyard by Marriott Riyadh Northern Ring Road,8.2,998 reviews,1.0,1.0,1.0,,1.0,,,,,
438,1.0,1.0,,,1.0,1.0,,1.0,1.0,1.0,,,,,,,,,,Voyage Residence,8.8,176 reviews,1.0,1.0,1.0,,1.0,,,,,
439,,,,,,,,,,,,,,,,,,1.0,,"Al Masem Hotel Suites, King Fahd District",N/A,N/A,,1.0,,,,,,,,
440,1.0,,1.0,1.0,,,,,,1.0,,,,,1.0,,,,,Boudl Al Sulimanyah,8.2,2074 reviews,1.0,1.0,1.0,,,,,,,
441,,1.0,1.0,1.0,1.0,,1.0,,,,1.0,,1.0,,1.0,,1.0,1.0,,Awfad Hotel Riyadh,7.4,2707 reviews,1.0,,1.0,,,,,,,
442,1.0,,1.0,1.0,,1.0,1.0,1.0,,1.0,1.0,1.0,,,,,,1.0,1.0,Mena Hotel Nasiriah Riyadh,8.2,3656 reviews,1.0,1.0,1.0,,,,,,,
443,,,,,,,,,,,,,,,,,,,,Almuhaidb Residence Almalaz,N/A,N/A,,1.0,,,,,,,,
444,1.0,,,,,,,,,,,,,,,,,,,Khreis Suites Hotel,6.0,82 reviews,1.0,1.0,,,,,,,,
445,1.0,1.0,,1.0,1.0,,1.0,,,1.0,,,,,,,,,,Al Muhaidb Al Diwan - Al Olaya,6.8,443 reviews,1.0,1.0,,,1.0,,,,,
446,1.0,,,,,,,,,1.0,,,,,,,,,,Rafa Homes Al Izdihar 1,7.7,356 reviews,1.0,1.0,,,,,,,,
447,1.0,,,,,,1.0,1.0,,1.0,,,,,,,,1.0,,Celine Home Hotel,N/A,N/A,1.0,1.0,1.0,,,,,,,
448,1.0,,,,,,,,,1.0,,,,,,,,,,Rafa Homes Al Izdihar 1,7.7,356 reviews,1.0,1.0,,,,,,,,
449,1.0,,,1.0,,,,1.0,,,,,,,,,,1.0,,Merfal Hotel Apartments Al Taawan,6.6,396 reviews,1.0,,1.0,,,,,,,
450,1.0,,1.0,1.0,1.0,,,1.0,,1.0,,,,,,,,,,Aber Al Munsiyah,7.9,1099 reviews,1.0,1.0,1.0,,,,,,,
451,1.0,,,,,,,,,1.0,,,,,,,,1.0,,Taleen AlSulaimanyah hotel apartments,6.0,444 reviews,1.0,,1.0,,,,,,,
452,1.0,1.0,1.0,1.0,1.0,1.0,1.0,1.0,1.0,1.0,,1.0,,,,,,1.0,,Holiday Inn RIYADH - AL QASR,7.1,2301 reviews,1.0,1.0,1.0,,1.0,,,1.0,,
453,1.0,1.0,1.0,1.0,1.0,1.0,1.0,1.0,1.0,1.0,,1.0,1.0,,,,,1.0,1.0,"Mandarin Oriental Al Faisaliah, Riyadh",8.6,5931 reviews,1.0,1.0,1.0,1.0,1.0,,,,,
454,1.0,,,,,,,,,1.0,,,,,,,,,,Rafa Homes Al Izdihar 2,7.9,226 reviews,1.0,1.0,,,,,,,,
455,1.0,1.0,1.0,1.0,1.0,,1.0,1.0,1.0,1.0,1.0,,1.0,,,,,1.0,1.0,Crowne Plaza Hotel Riyadh Minhal,8.6,3016 reviews,1.0,1.0,1.0,,,,,,,
456,1.0,,,1.0,,,,,1.0,1.0,,,,,,,,1.0,,Dorar Darea Hotel Apartments - Al Nafl,7.2,215 reviews,1.0,1.0,1.0,,,,,,,
457,1.0,,,,,,,,,1.0,,,,,,,,,,Al Muteb Suites Al Falah 1,N/A,N/A,1.0,1.0,,,,,,,,
458,1.0,1.0,1.0,1.0,1.0,1.0,1.0,1.0,1.0,1.0,,1.0,1.0,,,,,1.0,1.0,Novotel Suites Riyadh Olaya,7.3,2435 reviews,1.0,1.0,1.0,,1.0,,,,,
459,1.0,,,1.0,,,,,1.0,1.0,,,,,,,,1.0,,Dorar Darea Hotel Apartments - Al Nafl,7.2,215 reviews,1.0,1.0,1.0,,,,,,,
460,1.0,,1.0,1.0,1.0,,,,,1.0,,,,,,,,,,Dara Al Rayan,8.6,574 reviews,,,,,,,,,,
461,,,1.0,,,,,,,,,,,,,,,,,AlMuteb Suites Al mursalat,N/A,N/A,,1.0,,,,,,,,
462,,,,,,,,,,,,,,,,,,,,Enala Resort,N/A,N/A,,,,,,,,,,
463,,,,,,,,,,,,,,,,,,,,Olaya 1 Stella Stays,N/A,N/A,,,,,,,,,,
464,1.0,,,1.0,,1.0,1.0,1.0,,1.0,,1.0,,,,,,1.0,,Mena Andalusia Hotel,6.3,2490 reviews,1.0,1.0,1.0,,,,,,,
465,1.0,,,1.0,,1.0,1.0,1.0,,1.0,,1.0,,,,,,1.0,,Mena Andalusia Hotel,6.3,2490 reviews,1.0,1.0,1.0,,,,,,,
466,,,,,,,1.0,,,,,,,,,,,,1.0,RosaGrandHotel,N/A,N/A,,,1.0,,,,,,,
467,1.0,,1.0,1.0,1.0,1.0,1.0,1.0,,1.0,,1.0,1.0,,,,,1.0,1.0,Melissa Hotel Riyadh,7.8,648 reviews,1.0,1.0,1.0,,,,,,,
468,1.0,,,,,,,1.0,,1.0,,,,,,,,,,Taleen Al Nadwa,5.6,418 reviews,1.0,1.0,,,,,,,,
469,1.0,,,,,,,,,1.0,,,,,,,,,,Kease Al Izdihar -7 Luxury Gold AZ99,6.0,5 reviews,,,,,,,,,,
470,1.0,,1.0,1.0,,,,1.0,,1.0,,,,,,,,1.0,,Revan Palace,6.9,249 reviews,1.0,1.0,1.0,,,,,,,
471,1.0,,,,,,,,,,,,,,,,,,,Holiday Plus Cordoba,6.8,380 reviews,1.0,1.0,,,,,,,,
472,1.0,1.0,1.0,1.0,1.0,1.0,,1.0,,1.0,,1.0,1.0,,,,,,,Braira Al Yarmouk Hotel,8.6,4939 reviews,1.0,1.0,1.0,,1.0,,,,,
473,1.0,,,1.0,,,,,,1.0,,,,,,,,1.0,,Taleen Granada hotel apartments,6.3,50 reviews,1.0,1.0,1.0,,,,,,,
474,,,,,,1.0,1.0,1.0,,1.0,,1.0,,,,,,,1.0,Damac Towers Riyadh برج داماك الرياض,N/A,N/A,1.0,1.0,1.0,,,,,,,
475,1.0,1.0,1.0,1.0,1.0,,1.0,1.0,,,,1.0,,,,,,,1.0,ALMA Hotel,N/A,N/A,1.0,1.0,,,,,,,,
476,1.0,1.0,,1.0,1.0,,,,,,,,,,,,,,,DAMAC Riyadh - Luxury Apartments داماك الرياض,7.2,356 reviews,1.0,1.0,1.0,,1.0,1.0,,,,
477,,,,1.0,1.0,,,,1.0,,,,,,1.0,,,1.0,,Boudl Al Olaya Hotel,7.9,1045 reviews,1.0,1.0,1.0,,,,,,,
478,,,,,,,,,,,,,,,,,,1.0,,"Al Masem Hotel Suites, King Fahd District",N/A,N/A,,1.0,,,,,,,,
479,1.0,,,,,,,1.0,,,,,,,,,,,,Merfal Royal Apartment,7.0,316 reviews,1.0,1.0,1.0,,,,,,,
480,1.0,,,,,,,,,,,,,,,,,,,Amber,N/A,N/A,,,,,,,,,,
481,1.0,1.0,,1.0,1.0,,,,,1.0,,,,,,,,,,Burj Al Hayah Hotel Suites-Al Olaya,6.2,173 reviews,1.0,1.0,,,,,,,,
482,1.0,,,1.0,,1.0,,1.0,,1.0,,,,,,,,1.0,,Burj Alhayah Hotel Suites Olaya,8.2,208 reviews,1.0,1.0,,,,,,,,
483,1.0,,,1.0,,,,,,1.0,,,1.0,,,,,,,Al Farhan Hotel Suites (Exit 15),6.1,241 reviews,1.0,1.0,1.0,,,,,,,
484,1.0,1.0,,1.0,1.0,,1.0,,,1.0,,,,,,,,,,Al Muhaidb Al Diwan - Al Olaya,6.8,443 reviews,1.0,1.0,,,1.0,,,,,
485,1.0,,1.0,1.0,1.0,1.0,,,,1.0,,,,,1.0,,,1.0,,Dorar Darea Hotel Apartments - Al Malqa 2,7.4,242 reviews,1.0,1.0,1.0,,,,,,,
486,1.0,1.0,1.0,1.0,1.0,1.0,,1.0,,1.0,1.0,1.0,,,,,,1.0,1.0,Four Seasons Hotel Riyadh,8.9,3197 reviews,1.0,1.0,1.0,,,1.0,,,,
487,1.0,,,1.0,,1.0,1.0,1.0,,1.0,,1.0,,,,,,1.0,,Mena Andalusia Hotel,6.3,2490 reviews,1.0,1.0,1.0,,,,,,,
488,1.0,,1.0,1.0,1.0,1.0,,,,1.0,,,,,1.0,,,1.0,,Dorar Darea Hotel Apartments - Al Malqa 2,7.4,242 reviews,1.0,1.0,1.0,,,,,,,
489,1.0,1.0,,1.0,1.0,1.0,,,,1.0,,,,,,,1.0,,,Aber Al Takhassusi hotel ,8.5,2694 reviews,1.0,1.0,,,1.0,,,,,
490,1.0,1.0,,1.0,1.0,1.0,1.0,,1.0,1.0,,1.0,1.0,,,,,1.0,,Golden Ship Hotel,N/A,N/A,1.0,1.0,1.0,,1.0,,,,,
491,1.0,,,,1.0,1.0,1.0,1.0,,1.0,,,,,,,,1.0,1.0,Al Muteb Suites Heritage Hotel,N/A,N/A,1.0,1.0,1.0,,,,,,,
492,1.0,,,1.0,,,1.0,1.0,,1.0,,,,,,1.0,1.0,1.0,,Ewaa Express Hotel - Gaber,8.7,2032 reviews,1.0,1.0,1.0,,,,,,,
493,1.0,,,,,,,,,1.0,,,,,,,,,,Rafa Homes Al Izdihar 1,7.7,356 reviews,1.0,1.0,,,,,,,,
494,,,,,,,,,,,,,,,,,,1.0,,"Al Masem Hotel Suites, King Fahd District",N/A,N/A,,1.0,,,,,,,,
495,1.0,,,1.0,,,,1.0,1.0,1.0,,,,,,,,1.0,,Ahlin Suites 2,7.7,450 reviews,,1.0,1.0,,,,,,,
496,1.0,1.0,,,,,,,,,,,,,,,,1.0,1.0,Fairmont Riyadh,N/A,N/A,,,,,,,,,,
497,1.0,1.0,,1.0,1.0,1.0,1.0,1.0,,1.0,,,,,,,1.0,1.0,1.0,Rest Night Hotel Apartment- AlHamra,7.5,2095 reviews,1.0,1.0,1.0,,1.0,,,,,
498,,,,,,,,,,,,,,,,,,1.0,,"Al Masem Hotel Suites, King Fahd District",N/A,N/A,,1.0,,,,,,,,
499,1.0,,,,,,,1.0,,1.0,,,,,,,,,,Alyaa Home,N/A,N/A,1.0,1.0,,,,,,,,
500,,,1.0,1.0,1.0,1.0,,1.0,1.0,1.0,,1.0,1.0,1.0,1.0,,,1.0,1.0,Four Points by Sheraton Riyadh Khaldia,7.3,1245 reviews,1.0,,,1.0,,,,1.0,,
501,1.0,,,,1.0,1.0,1.0,1.0,,1.0,,,,,,,,1.0,1.0,Al Muteb Suites Heritage Hotel,N/A,N/A,1.0,1.0,1.0,,,,,,,
502,1.0,,1.0,,1.0,1.0,,1.0,,1.0,,,,,,,,1.0,1.0,Hyatt Buyutat,6.5,851 reviews,1.0,1.0,1.0,,1.0,,,,,
503,1.0,,,1.0,,,,1.0,,1.0,,,,,,,,1.0,,Tooq Suites,6.4,32 reviews,1.0,1.0,1.0,,,,,,,
504,1.0,1.0,1.0,1.0,1.0,,,1.0,,1.0,,1.0,1.0,,,,,1.0,1.0,Al Rahden Hotel,8.3,1256 reviews,1.0,1.0,1.0,,1.0,,,,,
505,1.0,,1.0,1.0,1.0,1.0,1.0,1.0,1.0,1.0,,,1.0,,,,,,,Haven Plaza Hotel,6.4,4097 reviews,1.0,1.0,1.0,,,,,,,
506,1.0,1.0,1.0,1.0,1.0,,1.0,1.0,1.0,1.0,,1.0,,,,,,1.0,1.0,Hayat Alriyadh Hotel,7.7,17 reviews,1.0,1.0,1.0,,1.0,,,,,
507,1.0,1.0,1.0,1.0,1.0,,1.0,1.0,1.0,1.0,1.0,,1.0,,,,,1.0,1.0,Crowne Plaza Hotel Riyadh Minhal,8.6,3016 reviews,1.0,1.0,1.0,,,,,,,
508,1.0,,,,,,,1.0,,1.0,,,,,,,,1.0,1.0,Moments Living Hotel,6.3,811 reviews,1.0,1.0,1.0,,,,,,,
509,1.0,,1.0,,1.0,,1.0,1.0,,1.0,,1.0,,,,,,,,Comfort Hotel Riyadh Olaya,9.5,4 reviews,1.0,1.0,1.0,,,,,,,
510,,,1.0,,,,,,,,,,,,,,,,,AlMuteb Suites Al mursalat,N/A,N/A,,1.0,,,,,,,,
511,,,,,,,,,,,,,,,,,,,,Enala Resort,N/A,N/A,,,,,,,,,,
512,1.0,,,,,1.0,,,,1.0,,,,,,,,,,The O Tower Residence,N/A,N/A,,,1.0,,,,,,,
513,1.0,1.0,1.0,1.0,1.0,1.0,1.0,1.0,,1.0,,1.0,,,1.0,,,1.0,,Iris Boutique Granada,8.4,1474 reviews,1.0,1.0,1.0,,1.0,,,,,
514,1.0,1.0,1.0,1.0,1.0,,,1.0,1.0,,,1.0,,1.0,,,,1.0,,Ewaa Express Hotel - Al Olaya,8.6,2877 reviews,1.0,,,,1.0,,,,,
515,1.0,1.0,1.0,1.0,1.0,1.0,1.0,1.0,1.0,1.0,,1.0,1.0,,,,,1.0,1.0,Rosh Rayhaan by Rotana,8.5,3929 reviews,1.0,1.0,1.0,,,,,,,
516,,,,1.0,,,,1.0,1.0,1.0,,,,,,,,1.0,,Al Muteb Suites Al Ezdehar 2,7.0,497 reviews,1.0,1.0,1.0,,,,,,,
517,1.0,1.0,,1.0,1.0,,,,,,,,,,,,,,,DAMAC Riyadh - Luxury Apartments داماك الرياض,7.2,356 reviews,1.0,1.0,1.0,,1.0,1.0,,,,
518,,,,1.0,,,,,,,,,,,,,,1.0,,Taleen AlSahafa Hotel Apartments,5.9,368 reviews,1.0,1.0,1.0,,,1.0,,,,
519,,,,,,,,1.0,1.0,,,,,,,,,1.0,,Janatna Furnished Apartments,7.0,61 reviews,1.0,1.0,1.0,,,1.0,,,,
520,1.0,,,,,,,,,1.0,,,,,,,,,,Mabaat - Al Yasmeen - 454,7.7,3 reviews,1.0,1.0,,,,,,,,
521,1.0,,1.0,1.0,,1.0,1.0,1.0,,1.0,,1.0,,,1.0,,,1.0,1.0,Rand by Wandalus,7.2,916 reviews,1.0,1.0,1.0,,,,,,,
522,,,1.0,1.0,,,,,,1.0,,,,,,,,1.0,,Erfad Hotel,N/A,N/A,1.0,1.0,1.0,,,,,,,
523,1.0,,,,,,,,,1.0,,,,,,,,,,Rafa Homes Al Izdihar 1,7.7,356 reviews,1.0,1.0,,,,,,,,
524,1.0,,,,,,,1.0,,1.0,,,,,,,,1.0,,Rihanna Inn Hotel Apartement,N/A,N/A,1.0,1.0,,,,,,,,
525,1.0,,1.0,1.0,1.0,,,,,1.0,,,,,,,,,,Dara Al Rayan,8.6,574 reviews,,,,,,,,,,
526,,,,,,,,,,,,,,,,,,,,Karem Riyadh Residence - Hotel Apartment,N/A,N/A,,,,,,,,,,
527,1.0,1.0,1.0,,1.0,1.0,1.0,,1.0,,,1.0,1.0,,1.0,,1.0,1.0,1.0,Riyadh Marriott Hotel,7.5,2133 reviews,1.0,1.0,1.0,1.0,1.0,,,1.0,1.0,
528,1.0,,1.0,1.0,,,,1.0,1.0,1.0,,1.0,,,,,,1.0,,Motiara Hotel – Al Murouj,7.1,426 reviews,1.0,1.0,1.0,,,,,,,
529,1.0,,,,,,,1.0,,1.0,,,,,,,,1.0,,Deyala Hotel Suites,N/A,N/A,1.0,1.0,1.0,,,,,,,
530,1.0,,,1.0,,,,,,1.0,,,,,,,,1.0,,AlMuhaidb Almalaz 7,6.7,219 reviews,1.0,1.0,1.0,,,,,,,
531,,1.0,1.0,1.0,1.0,,1.0,1.0,1.0,1.0,,1.0,,1.0,,,,1.0,,Braira Hotel Olaya - By Boudl,8.4,4315 reviews,1.0,,,,,,,,,
532,1.0,,,,,,,1.0,,1.0,,,,,,,,,,Al Muteb Suites Al Yarmouk,N/A,N/A,1.0,1.0,,,,,,,,
533,1.0,,,1.0,,,1.0,1.0,,1.0,,,,,,,,1.0,,Rest Night Hotel Suites- - AL Nafal,6.2,688 reviews,1.0,1.0,1.0,,,,,,,
534,1.0,1.0,1.0,1.0,1.0,,1.0,1.0,1.0,1.0,,1.0,1.0,,,,,1.0,,Voyage Hotel,7.9,253 reviews,1.0,1.0,1.0,,,,,,,
535,,,,,,,,,,1.0,,,,,,,,,1.0,Suknai Resort,N/A,N/A,,,,,,,,,,
536,1.0,,,,,1.0,,1.0,,1.0,,,,,,,,,,Mira Business Hotel,N/A,N/A,1.0,1.0,1.0,,,,,,,
537,1.0,,,,,,1.0,1.0,,,,,,,,,,,,Neyara Almalaz 5,6.9,970 reviews,1.0,1.0,1.0,,,,,,,
538,1.0,,,1.0,,,,,,1.0,,,1.0,,,,,,,Al Farhan Hotel Suites (Exit 15),6.1,241 reviews,1.0,1.0,1.0,,,,,,,
539,,,1.0,,,,,,,,,,,,,,,,,Grand Plaza Takhasosi,N/A,N/A,,,,,1.0,,,,,
540,1.0,,,,,,,,,1.0,,,,,,,,,,Rawda - Qaswarah Residence,N/A,N/A,1.0,1.0,,,,,,,,
541,,,1.0,1.0,,,,,,1.0,,,,,,,,1.0,,Erfad Hotel,N/A,N/A,1.0,1.0,1.0,,,,,,,
542,1.0,,,1.0,,,,,,1.0,,,,,,,,1.0,,Taleen Granada hotel apartments,6.3,50 reviews,1.0,1.0,1.0,,,,,,,
543,1.0,,,,,,,,,,,,,,,,,,,AlMutab Suites Yarmouk,N/A,N/A,,,,,,,,,,
544,1.0,,1.0,1.0,1.0,1.0,1.0,1.0,1.0,1.0,,1.0,1.0,1.0,1.0,,,1.0,1.0,Best Western Plus Fursan Hotel,8.1,687 reviews,1.0,,1.0,1.0,1.0,,,,,
545,,,,,,,,,,1.0,,,,,,,,,1.0,Suknai Resort,N/A,N/A,,,,,,,,,,
546,1.0,1.0,,,,1.0,,,,1.0,,,,,,,,,,Boudl Al Munsiyah,8.0,4311 reviews,1.0,1.0,,,,,,,,
547,1.0,1.0,,1.0,,,,,,1.0,,,,,1.0,,,,,The land Resort,9.0,28 reviews,1.0,1.0,1.0,,,,,,,
548,1.0,1.0,1.0,,1.0,1.0,1.0,1.0,,1.0,,1.0,1.0,1.0,1.0,,,,,Centro Olaya by Rotana,7.9,3325 reviews,1.0,1.0,,,,,,,,
549,1.0,,1.0,1.0,1.0,,1.0,1.0,1.0,1.0,,1.0,1.0,,1.0,,1.0,1.0,1.0,Holiday Inn RIYADH - OLAYA,7.2,942 reviews,,,,,,,,1.0,,
550,1.0,,1.0,1.0,1.0,1.0,,1.0,1.0,,,1.0,,,1.0,,,1.0,,Grand Plaza Hotel - Takhasosi Riyadh,8.3,4037 reviews,1.0,,,,,,,,,
551,1.0,,,,,,,1.0,,1.0,,,,,,,,,,Taleen Al Nadwa,5.6,418 reviews,1.0,1.0,,,,,,,,
552,1.0,,,1.0,,,,,,1.0,,,,,,,,,,Antola Resort Al Rimal,7.4,37 reviews,,1.0,,,,1.0,,,,
553,1.0,,,1.0,,1.0,1.0,1.0,,1.0,,1.0,,,,,,1.0,,Mena Andalusia Hotel,6.3,2490 reviews,1.0,1.0,1.0,,,,,,,
554,1.0,1.0,1.0,1.0,1.0,1.0,1.0,1.0,1.0,1.0,,1.0,1.0,,,,,1.0,1.0,Dabab Hotel by Warwick,7.3,1606 reviews,1.0,1.0,1.0,,1.0,,,,,
555,1.0,,1.0,,,,,,,,,,,,,,,,,Golden Dune Hotel & Suite,8.2,2735 reviews,1.0,1.0,1.0,,,1.0,,,,
556,1.0,1.0,,1.0,1.0,,1.0,,,1.0,,,,,,,,,,Al Muhaidb Al Diwan - Al Olaya,6.8,443 reviews,1.0,1.0,,,1.0,,,,,
557,1.0,,,,,1.0,,,,,,,,,,,,,1.0,Hotel Vivian Park El Raed,N/A,N/A,,,,,,,,,,
558,,,1.0,,,,,,,,,,,,,,,,,Al-Muteb Suites Al-Nagah,N/A,N/A,,1.0,,,,,,,,
559,,,,,,,,,,,,,,,,,,,,Namar Home Serviced Suites,N/A,N/A,,,,,,,,,,
560,1.0,,,1.0,,,,,,1.0,,,,,,,,,,Taleen Durrat Al Nakhil,N/A,N/A,1.0,1.0,1.0,,,,,,,
561,,,1.0,,,,,,,,,,,,,,,,,AlMuteb Suites Al mursalat,N/A,N/A,,1.0,,,,,,,,
562,1.0,,,1.0,,,,,,1.0,,,,,,,,1.0,,AlMuhaidb Almalaz 7,6.7,219 reviews,1.0,1.0,1.0,,,,,,,
563,1.0,1.0,1.0,,1.0,1.0,1.0,1.0,1.0,1.0,,1.0,1.0,,,,,,,Riyadh Diplomatic Quarter - Marriott Executive Apartments,8.4,1042 reviews,1.0,1.0,1.0,,,,,,,
564,1.0,,,,,,,,,,,,,,,,,,,Lailaty Hotel Apartment,7.6,66 reviews,1.0,1.0,,,,,,,,
565,1.0,,1.0,1.0,,,,1.0,1.0,1.0,,1.0,,,,,,1.0,,Motiara Hotel – Al Murouj,7.1,426 reviews,1.0,1.0,1.0,,,,,,,
566,1.0,1.0,1.0,1.0,1.0,1.0,,,,1.0,,,,,,,,,,Al Diafa Apartment Olaya,7.9,180 reviews,1.0,1.0,,,1.0,,,,,
567,1.0,1.0,1.0,1.0,1.0,,1.0,1.0,,1.0,,1.0,1.0,,,,,1.0,1.0,Courtyard by Marriott Riyadh Northern Ring Road,8.2,998 reviews,1.0,1.0,1.0,,1.0,,,,,
568,1.0,,,,,,1.0,1.0,,,,,,,,,,,,Neyara Almalaz 5,6.9,970 reviews,1.0,1.0,1.0,,,,,,,
569,,,1.0,,,,1.0,1.0,,1.0,,1.0,,,,,,,,ibis Riyadh Olaya Street,6.9,2941 reviews,1.0,1.0,1.0,,,,,,,
570,,,,1.0,1.0,,,,1.0,,,,,,1.0,,,1.0,,Boudl Al Olaya Hotel,7.9,1045 reviews,1.0,1.0,1.0,,,,,,,
571,1.0,1.0,1.0,,1.0,1.0,1.0,1.0,,1.0,,1.0,1.0,1.0,1.0,,,,,Centro Olaya by Rotana,7.9,3325 reviews,1.0,1.0,,,,,,,,
572,1.0,1.0,1.0,1.0,1.0,1.0,1.0,1.0,1.0,1.0,1.0,1.0,1.0,1.0,1.0,,1.0,1.0,1.0,InterContinental Hotels RIYADH,7.7,6685 reviews,1.0,1.0,1.0,1.0,1.0,,,1.0,,
573,1.0,,1.0,,,,,,,,,,,,,,,,,Golden Dune Hotel & Suite,8.2,2735 reviews,1.0,1.0,1.0,,,1.0,,,,
574,1.0,1.0,,,1.0,1.0,,1.0,1.0,1.0,,,,,,,,,,Voyage Residence,8.8,176 reviews,1.0,1.0,1.0,,1.0,,,,,
575,1.0,1.0,,1.0,,,,1.0,,1.0,,,,,,,,,,The Corner Chalets,8.1,236 reviews,,1.0,1.0,,,,,,,
576,1.0,1.0,1.0,,1.0,,1.0,1.0,,1.0,,1.0,1.0,,1.0,,,,,Hyatt Place Riyadh Sulaimania,8.5,447 reviews,1.0,1.0,1.0,,,,,,,
577,1.0,,,,,,,,,1.0,,,,,,,,,,Taleen Al Nakheel Apartment,6.3,365 reviews,1.0,1.0,,,,,,,,
578,1.0,,,1.0,,,,,,1.0,,,1.0,,,,,,,Al Farhan Hotel Suites Al Aqiq,6.3,200 reviews,1.0,1.0,1.0,,,,,,,
579,1.0,1.0,1.0,1.0,,,,,1.0,1.0,,,,,,,,,,Hdb Hotel  Financal District,7.3,2587 reviews,1.0,1.0,,,1.0,,,,,
580,1.0,1.0,1.0,1.0,1.0,,1.0,1.0,1.0,1.0,,1.0,1.0,,,,,,,Continent Hotel Al Waha Riyad,7.7,1696 reviews,1.0,1.0,1.0,,1.0,,,,,
581,1.0,,,1.0,,,,,,,,,,,,,,,,Myrtle Al Sahafa,7.5,1872 reviews,,1.0,,,,,,,,
582,1.0,,,,,,,,,,,,,,,,,,,Amber Hospitality Al Nafel,N/A,N/A,,,,,,,,,,
583,,,,,,,,,,,,,,,,,,,,Taleen AlQuds 2 Hotel Apartments,5.6,396 reviews,,1.0,,,,,,,,
584,1.0,,1.0,1.0,1.0,1.0,1.0,1.0,,1.0,,1.0,1.0,,,,,1.0,1.0,Melissa Hotel Riyadh,7.8,648 reviews,1.0,1.0,1.0,,,,,,,
585,1.0,1.0,1.0,1.0,1.0,1.0,1.0,1.0,1.0,1.0,,1.0,1.0,,,,,1.0,1.0,"Mandarin Oriental Al Faisaliah, Riyadh",8.6,5931 reviews,1.0,1.0,1.0,1.0,1.0,,,,,
586,1.0,1.0,1.0,1.0,1.0,1.0,1.0,1.0,1.0,1.0,,1.0,,,1.0,,,1.0,,Crown Rose Hotel,7.4,2793 reviews,1.0,1.0,1.0,,,,,,,
587,1.0,1.0,,1.0,1.0,,,,,1.0,,,,,,,,,,Burj Al Hayah Hotel Suites-Al Olaya,6.2,173 reviews,1.0,1.0,,,,,,,,
588,1.0,,,,,,1.0,1.0,,1.0,,,,,,,,1.0,,Innyar Hotel,N/A,N/A,1.0,1.0,1.0,,,,,,,
589,,,,,,,,,,,,,,,,,,,,Almuhaidb Residence Almalaz,N/A,N/A,,1.0,,,,,,,,
590,1.0,1.0,1.0,,1.0,,1.0,1.0,1.0,,,,,,,,,,,Dara Hotel Qurtubah,8.2,1514 reviews,1.0,,1.0,,,,,,,
591,1.0,,,1.0,,,,,,1.0,,,,,,,,,,Antola Resort Al Rimal,7.4,37 reviews,,1.0,,,,1.0,,,,
592,1.0,1.0,1.0,1.0,1.0,,1.0,1.0,1.0,1.0,,1.0,1.0,,,,,1.0,,Voyage Hotel,7.9,253 reviews,1.0,1.0,1.0,,,,,,,
593,1.0,,1.0,1.0,1.0,1.0,1.0,,,1.0,,1.0,,,1.0,,,,,Ewaa Express Hotel - Khorais,8.3,1791 reviews,1.0,1.0,,,,,,,,
594,1.0,,,,,,,1.0,,1.0,,,,,,,,,,Marin Suit El Swedi,N/A,N/A,1.0,1.0,1.0,,,,,,,
595,1.0,,,1.0,,,,1.0,1.0,1.0,,,,,,,,1.0,,Ahlin Suites 2,7.7,450 reviews,,1.0,1.0,,,,,,,
596,1.0,1.0,1.0,1.0,,1.0,1.0,1.0,1.0,1.0,1.0,1.0,,,,,1.0,1.0,,Al Mashreq Boutique Hotel,7.7,768 reviews,1.0,1.0,1.0,,1.0,,,,,
597,1.0,,,1.0,,,,,1.0,1.0,,,,,,,,1.0,,Dorar Darea Hotel Apartments - Al Nafl,7.2,215 reviews,1.0,1.0,1.0,,,,,,,
598,1.0,,,1.0,,,,,,1.0,,,,,,,,1.0,,AlMuhaidb Tahliya - Olaya,5.7,313 reviews,1.0,1.0,1.0,,,,,,,
599,1.0,,,1.0,,1.0,,1.0,,1.0,,,,,,,,1.0,,Burj Alhayah Hotel Suites Olaya,8.2,208 reviews,1.0,1.0,,,,,,,,
600,,,,,,,,,,,,,,,,,,,,Taleen AlQuds 2 Hotel Apartments,5.6,396 reviews,,1.0,,,,,,,,
601,1.0,,1.0,,1.0,1.0,,1.0,,1.0,,,,,,,,1.0,1.0,Hyatt Buyutat,6.5,851 reviews,1.0,1.0,1.0,,1.0,,,,,
602,1.0,,,,,,,,,,,,,,,,,,,Aparthotel Ollya Riyadh,N/A,N/A,,,,,,,,,,
603,,,,,,1.0,,,,1.0,,,,,,,,,1.0,msharef almoden hotel,N/A,N/A,1.0,,1.0,,,,,,,
604,1.0,,,1.0,,,,,,1.0,,,,,,,,,,Antola Resort Al Rimal,7.4,37 reviews,,1.0,,,,1.0,,,,
605,,,,,,,,,,,,,,,,,,,,Villa Palma Compound,N/A,N/A,,,,,,,,,,
606,,,,,,,,,,1.0,,,,,,,,,1.0,Suknai Resort,N/A,N/A,,,,,,,,,,
607,,,1.0,,,,,,,,,,,,,,,,,AlMuteb Suites Al mursalat,N/A,N/A,,1.0,,,,,,,,
608,1.0,1.0,1.0,1.0,1.0,1.0,1.0,1.0,1.0,1.0,,1.0,,,1.0,,1.0,1.0,,HDB Sahafa,8.1,4718 reviews,1.0,1.0,1.0,,,,,,,
609,1.0,,,,,,,,,,,,,,,,,,,AlMutab Suites Yarmouk,N/A,N/A,,,,,,,,,,
610,1.0,,1.0,1.0,,,,1.0,1.0,1.0,,,1.0,1.0,,,1.0,1.0,1.0,Swiss Spirit Metropolitan Riyadh,7.6,1005 reviews,1.0,,,,,,1.0,,,
611,1.0,,1.0,1.0,1.0,1.0,1.0,1.0,1.0,1.0,,1.0,1.0,1.0,1.0,,,1.0,,Grand Plaza Hotel - Gulf Riyadh,8.5,4896 reviews,1.0,1.0,1.0,,,,,,,
612,1.0,,1.0,1.0,1.0,,,1.0,,1.0,,,,,,,,,,Aber Al Munsiyah,7.9,1099 reviews,1.0,1.0,1.0,,,,,,,
613,1.0,1.0,1.0,,1.0,,1.0,1.0,,1.0,,1.0,1.0,,1.0,,,,,Hyatt Place Riyadh Sulaimania,8.5,447 reviews,1.0,1.0,1.0,,,,,,,
614,,,,,,,,,,,,,,,,,,,,Mabaat - Suitey Al Aqiq - 559,8.5,124 reviews,,,,,,,,,,
615,,,1.0,,,,,,,,,,,,,,,,,Al-Muteb Suites Al-Nagah,N/A,N/A,,1.0,,,,,,,,
616,1.0,,,1.0,,,,,,1.0,,,,,,,,,,Taleen AlMasif hotel apartments,6.4,360 reviews,1.0,1.0,1.0,,,,,,,
617,1.0,1.0,1.0,,1.0,,,,,1.0,,,,,1.0,,,,,Aloft Riyadh Hotel,8.2,1309 reviews,1.0,1.0,,,,,,,,
618,,,1.0,,,,,,,,,,,,,,,,,AlMuteb Suites Al mursalat,N/A,N/A,,1.0,,,,,,,,
619,1.0,1.0,,,,1.0,,1.0,1.0,1.0,,1.0,,,,,,1.0,,Boudl Al Fayhaa,6.0,1590 reviews,1.0,,,,,,,,,
620,1.0,,,,,,,,,1.0,,,,,,,,,,Freesia Hotel,N/A,N/A,,,,,,,,,,
621,,,,,,,,,,,,,,,,,,,,Taleen AlQuds 2 Hotel Apartments,5.6,396 reviews,,1.0,,,,,,,,
622,,,,,,,,,,,,,,,,,,,,Karem Riyadh Residence - Hotel Apartment,N/A,N/A,,,,,,,,,,
623,1.0,1.0,1.0,1.0,1.0,1.0,1.0,1.0,1.0,1.0,1.0,1.0,1.0,1.0,1.0,1.0,1.0,1.0,1.0,voco Riyadh An IHG Hotel,9.0,5662 reviews,,,,,,,,,,
624,,1.0,1.0,1.0,1.0,1.0,1.0,1.0,1.0,1.0,1.0,1.0,1.0,1.0,1.0,1.0,1.0,1.0,1.0,"Marriott Executive Apartments Riyadh, Convention Center",8.7,865 reviews,1.0,,1.0,1.0,1.0,,,1.0,,
625,1.0,1.0,1.0,,1.0,1.0,1.0,1.0,,1.0,,1.0,1.0,1.0,1.0,,,,,Centro Olaya by Rotana,7.9,3325 reviews,1.0,1.0,,,,,,,,
626,1.0,1.0,,,1.0,,,,,1.0,,1.0,,,,,,,,Aber Al Yasmin,8.4,1496 reviews,1.0,,,,,,,,,
627,1.0,,,1.0,,,,,,1.0,,,1.0,,,,,,,Al Farhan Hotel Suites Al Aqiq,6.3,200 reviews,1.0,1.0,1.0,,,,,,,
628,1.0,1.0,1.0,1.0,,,,,,1.0,,,,,,,,,,Grand Plaza Hotel-KAFD Riyadh,8.6,3036 reviews,1.0,1.0,,,,,,,,
629,1.0,,,,1.0,1.0,1.0,1.0,,1.0,,,,,,,,1.0,1.0,Al Muteb Suites Heritage Hotel,N/A,N/A,1.0,1.0,1.0,,,,,,,
630,,,,,,,,,,,,,,,,,,,,Karem Riyadh Residence - Hotel Apartment,N/A,N/A,,,,,,,,,,
631,,,,,,,,,,,,,,,,,,,,Al-Mutab Suites Dammam Road,N/A,N/A,,,,,,,,,,
632,1.0,1.0,,,1.0,,,,,1.0,,1.0,,,,,,,,Aber Al Yasmin,8.4,1496 reviews,1.0,,,,,,,,,
633,1.0,1.0,1.0,1.0,1.0,1.0,1.0,1.0,1.0,1.0,1.0,1.0,1.0,,,,,1.0,1.0,"Narcissus Hotel & Spa, Riyadh",8.6,5295 reviews,1.0,1.0,1.0,,1.0,,,,,
634,1.0,1.0,,1.0,,,,,1.0,,,1.0,,,,,,,1.0,Enala Resort,7.9,53 reviews,1.0,1.0,,,1.0,,,,,
635,1.0,1.0,,,,1.0,,1.0,1.0,1.0,,1.0,,,,,,1.0,,Boudl Al Fayhaa,6.0,1590 reviews,1.0,,,,,,,,,
636,1.0,,,1.0,,,1.0,1.0,,1.0,,,,,,,,1.0,,Rest Night Hotel Suites- - AL Nafal,6.2,688 reviews,1.0,1.0,1.0,,,,,,,
637,1.0,,,,,,,,,1.0,,,,,,,,,,Al Muteb Suites Al Falah 1,N/A,N/A,1.0,1.0,,,,,,,,
638,1.0,1.0,,1.0,,,1.0,,,1.0,,1.0,1.0,,,,,1.0,,Seiba Hotel Apartments - Al Malaz,7.1,1175 reviews,1.0,1.0,1.0,,,,,,,
639,1.0,1.0,1.0,1.0,1.0,,1.0,1.0,1.0,1.0,,1.0,1.0,,,,,1.0,1.0,Golden Tulip Riyadh,8.8,2365 reviews,1.0,1.0,1.0,,,,,,,
640,1.0,1.0,,1.0,,,,,,1.0,,,,,1.0,,,,,The land Resort,9.0,28 reviews,1.0,1.0,1.0,,,,,,,
641,1.0,1.0,1.0,,1.0,1.0,,,1.0,1.0,,1.0,1.0,,1.0,,,,,Swiss International Royal Hotel Riyadh,7.5,901 reviews,1.0,1.0,1.0,,,,,,,
642,,,,1.0,,,,1.0,1.0,,,,,,,,,1.0,,Rose Park,N/A,N/A,,1.0,1.0,,,1.0,,,,
643,1.0,,1.0,1.0,,,,1.0,1.0,1.0,,,1.0,1.0,,,1.0,1.0,1.0,Swiss Spirit Metropolitan Riyadh,7.6,1005 reviews,1.0,,,,,,1.0,,,
644,,,,,,,,,,,,,,,,,,,,Al Malqa Elite Hotel,7.5,1173 reviews,,1.0,,,,,,,,
645,1.0,,1.0,1.0,,,,,,1.0,,,,,1.0,,,,,Boudl Al Sulimanyah,8.2,2074 reviews,1.0,1.0,1.0,,,,,,,
646,1.0,1.0,,,,1.0,,,,1.0,,,,,,,,,,Boudl Al Munsiyah,8.0,4311 reviews,1.0,1.0,,,,,,,,
647,1.0,,,,,,,1.0,,1.0,,,,,,,,,,Al Muteb Suites Granada,N/A,N/A,1.0,,1.0,,,,,,,
648,1.0,1.0,1.0,1.0,1.0,,1.0,1.0,1.0,1.0,1.0,,1.0,,,,,1.0,1.0,Crowne Plaza Hotel Riyadh Minhal,8.6,3016 reviews,1.0,1.0,1.0,,,,,,,
649,,,,,,,,1.0,1.0,,,,,,,,,1.0,,Janatna Furnished Apartments,7.0,61 reviews,1.0,1.0,1.0,,,1.0,,,,
650,,,1.0,1.0,1.0,1.0,,1.0,1.0,1.0,,1.0,1.0,1.0,1.0,,,1.0,1.0,Four Points by Sheraton Riyadh Khaldia,7.3,1245 reviews,1.0,,,1.0,,,,1.0,,
651,1.0,,,,,1.0,,1.0,,1.0,,,,,,,,,,Mira Business Hotel,N/A,N/A,1.0,1.0,1.0,,,,,,,
652,1.0,1.0,1.0,1.0,1.0,,1.0,1.0,,1.0,,1.0,,,1.0,,,1.0,,Hayat Alriyadh Washam Hotel,8.2,1679 reviews,1.0,1.0,1.0,,1.0,,,,,
653,,1.0,1.0,1.0,1.0,1.0,1.0,1.0,1.0,1.0,1.0,1.0,1.0,1.0,1.0,1.0,1.0,1.0,1.0,"Marriott Executive Apartments Riyadh, Convention Center",8.7,865 reviews,1.0,,1.0,1.0,1.0,,,1.0,,
654,1.0,1.0,,1.0,1.0,,,,1.0,1.0,,,,,,,1.0,,1.0,Boudl Al Malaz,6.8,679 reviews,1.0,1.0,1.0,,,,,,,
655,1.0,,,,,,,,,,,,,,,,,,,AlMutab Suites Yarmouk,N/A,N/A,,,,,,,,,,
656,1.0,,,,1.0,,1.0,1.0,,1.0,,,,,,,,1.0,,Aber Al Yasmin 101,8.1,804 reviews,1.0,1.0,1.0,,1.0,,,,,
657,1.0,,1.0,,1.0,,1.0,1.0,,1.0,,1.0,,,,,,,,Comfort Hotel Riyadh Olaya,9.5,4 reviews,1.0,1.0,1.0,,,,,,,
658,1.0,,1.0,1.0,,,,1.0,1.0,1.0,,1.0,,,,,,1.0,,Motiara Hotel – Al Murouj,7.1,426 reviews,1.0,1.0,1.0,,,,,,,
659,,,1.0,,,,,,,,,,,,,,,,,Grand Plaza Takhasosi,N/A,N/A,,,,,1.0,,,,,
660,1.0,1.0,1.0,1.0,1.0,1.0,1.0,1.0,1.0,1.0,,1.0,1.0,,,,,1.0,1.0,Dabab Hotel by Warwick,7.3,1606 reviews,1.0,1.0,1.0,,1.0,,,,,
661,1.0,1.0,1.0,,1.0,1.0,1.0,1.0,,1.0,,1.0,1.0,1.0,1.0,,,,,Centro Olaya by Rotana,7.9,3325 reviews,1.0,1.0,,,,,,,,
662,1.0,,1.0,1.0,,,1.0,1.0,1.0,1.0,,1.0,1.0,,,,,,,Ross Hotel,8.5,300 reviews,1.0,1.0,1.0,,,,,,,
663,1.0,,,1.0,,,,,1.0,1.0,,,,,,,,1.0,,Dorar Darea Hotel Apartments - Al Nafl,7.2,215 reviews,1.0,1.0,1.0,,,,,,,
664,,,,,,,,,,,,,,,,,,,,Ross Hotel,N/A,N/A,,,,,,,,,,
665,1.0,,1.0,1.0,,,1.0,1.0,1.0,1.0,,1.0,1.0,1.0,1.0,,,1.0,,Grand Plaza Hotel - Dhabab Riyadh,8.3,1450 reviews,1.0,1.0,1.0,,,,,,,
666,1.0,,,,,1.0,,1.0,,1.0,1.0,,,,,,,1.0,,Luxury Night Hotel,N/A,N/A,1.0,,1.0,,,,,,,
667,1.0,,1.0,1.0,,,,1.0,,1.0,,,,,,,,1.0,,Duset Hotel Suites,8.6,1337 reviews,1.0,1.0,1.0,,,,,,,
668,1.0,,1.0,1.0,1.0,1.0,1.0,1.0,1.0,1.0,,1.0,1.0,1.0,1.0,,,1.0,,Grand Plaza Hotel - Gulf Riyadh,8.5,4896 reviews,1.0,1.0,1.0,,,,,,,
669,1.0,1.0,1.0,1.0,1.0,1.0,1.0,1.0,1.0,1.0,,1.0,,,,,,1.0,,Holiday Inn RIYADH - AL QASR,7.1,2301 reviews,1.0,1.0,1.0,,1.0,,,1.0,,
670,1.0,,,1.0,,,1.0,1.0,,,,,,,1.0,,,,,Iris Boutique Narjis,9.2,139 reviews,1.0,1.0,1.0,,,,,,,
671,,,1.0,,,,,,,,,,,,,,,,,Grand Plaza Takhasosi,N/A,N/A,,,,,1.0,,,,,
672,1.0,,,,,,,,,,,,,,,,,,,Al Baron Palace Riyadh,N/A,N/A,1.0,1.0,1.0,,,,,,,
673,,,,,,,,,,1.0,,,,,,,,,1.0,Suknai Resort,N/A,N/A,,,,,,,,,,
674,1.0,1.0,1.0,1.0,1.0,1.0,1.0,1.0,1.0,1.0,,1.0,1.0,,,,,1.0,1.0,Al Hamra Palace by Warwick,7.0,1074 reviews,1.0,1.0,1.0,,1.0,,,,,
675,1.0,,,,,,,,,,,,,,,,,,,AlMuhaidb Furnished Units King Abdulaziz,6.6,530 reviews,1.0,1.0,,,,,,,,
676,1.0,1.0,1.0,1.0,1.0,,1.0,1.0,,1.0,,1.0,1.0,,,,,1.0,1.0,Joudyan Olaya Riyadh,8.3,6242 reviews,1.0,1.0,1.0,,,,,,,
677,,,1.0,,,,1.0,1.0,,1.0,,1.0,,,,,,,,ibis Riyadh Olaya Street,6.9,2941 reviews,1.0,1.0,1.0,,,,,,,
678,1.0,1.0,1.0,1.0,1.0,1.0,,,,1.0,,,,,,,,,,Al Diafa Apartment Olaya,7.9,180 reviews,1.0,1.0,,,1.0,,,,,
679,1.0,1.0,,1.0,1.0,,1.0,,,1.0,,,,,,,,,,Almuhaidb Jarir - Almalaz,7.5,366 reviews,1.0,1.0,1.0,,1.0,,,,,
680,1.0,,,,1.0,1.0,1.0,1.0,,1.0,,,,,,,,1.0,1.0,Al Muteb Suites Heritage Hotel,N/A,N/A,1.0,1.0,1.0,,,,,,,
681,1.0,,,,,,1.0,1.0,,,,,,,,,,,,Neyara Almalaz 5,6.9,970 reviews,1.0,1.0,1.0,,,,,,,
682,1.0,,,1.0,,,,,,1.0,,,,,,,,,,Antola Resort Al Rimal,7.4,37 reviews,,1.0,,,,1.0,,,,
683,,,,,,,,,,,,,,,,,,,,Aber 103 Al Mounisya,9.2,2727 reviews,,1.0,,,,,,,,
684,1.0,1.0,,,,1.0,,1.0,1.0,1.0,,1.0,,,,,,1.0,,Boudl Al Fayhaa,6.0,1590 reviews,1.0,,,,,,,,,
685,1.0,1.0,1.0,1.0,1.0,1.0,1.0,1.0,,1.0,,1.0,1.0,,,,,1.0,,Braira Qurtubah Riyadh,8.2,10463 reviews,1.0,1.0,1.0,,1.0,,,,,
686,1.0,1.0,,,1.0,1.0,1.0,1.0,,1.0,,,,,,,,1.0,1.0,Al Diafah Hotel Suites,7.5,46 reviews,1.0,1.0,1.0,,1.0,,,,,
687,1.0,1.0,1.0,,1.0,,1.0,1.0,1.0,,,,,,,,,,,Dara Hotel Qurtubah,8.2,1514 reviews,1.0,,1.0,,,,,,,
688,1.0,,,,,,,1.0,,,,,,,,,,,,Merfal Royal Apartment,7.0,316 reviews,1.0,1.0,1.0,,,,,,,
689,1.0,1.0,,,1.0,1.0,1.0,1.0,,1.0,,,,,,,,1.0,1.0,Al Diafah Hotel Suites,7.5,46 reviews,1.0,1.0,1.0,,1.0,,,,,
690,1.0,1.0,1.0,,1.0,1.0,1.0,1.0,1.0,1.0,,1.0,,,,,,,,Marriott Riyadh Diplomatic Quarter,8.3,273 reviews,1.0,1.0,1.0,,,,,,,
691,1.0,1.0,1.0,1.0,1.0,1.0,,1.0,,1.0,1.0,,,,1.0,1.0,,1.0,,Almuhaidb Altakhassusi 5,7.5,662 reviews,1.0,1.0,1.0,1.0,,,,,1.0,
692,1.0,1.0,1.0,1.0,1.0,1.0,1.0,1.0,1.0,1.0,,1.0,,,1.0,,,1.0,,Executives Hotel - Olaya,7.7,2841 reviews,1.0,1.0,1.0,,1.0,,,,,
693,,,,1.0,,,,1.0,1.0,,,,,,,,,1.0,,Rose Park,N/A,N/A,,1.0,1.0,,,1.0,,,,
694,,1.0,1.0,1.0,1.0,1.0,1.0,1.0,1.0,1.0,1.0,1.0,1.0,1.0,1.0,1.0,1.0,1.0,1.0,"Marriott Executive Apartments Riyadh, Convention Center",8.7,865 reviews,1.0,,1.0,1.0,1.0,,,1.0,,
695,1.0,,,1.0,,,1.0,1.0,,,,,,,1.0,,,,,Iris Boutique Narjis,9.2,139 reviews,1.0,1.0,1.0,,,,,,,
696,1.0,,,,,,1.0,1.0,,1.0,,,,,,,,1.0,,Celine Home Hotel,N/A,N/A,1.0,1.0,1.0,,,,,,,
697,,1.0,1.0,1.0,1.0,,1.0,1.0,1.0,1.0,,1.0,,1.0,,,,1.0,,Braira Hotel Olaya - By Boudl,8.4,4315 reviews,1.0,,,,,,,,,
698,1.0,,,,,1.0,,,,,,,,,,,,,1.0,Hotel Vivian Park El Raed,N/A,N/A,,,,,,,,,,
699,1.0,1.0,1.0,1.0,1.0,1.0,1.0,1.0,,1.0,,,,,,,1.0,,,Smayah Residence,8.6,684 reviews,1.0,1.0,1.0,,1.0,,,,,
700,1.0,,,,,,,1.0,,1.0,,,,,,,,,,Saraya Qordoba,N/A,N/A,1.0,,1.0,,,,,,,
701,1.0,1.0,,1.0,,,,,,,,,,,,,1.0,,,Amaaria Aquapark resort Villas & Chalet,8.1,119 reviews,,1.0,,,,,,,,
702,,,,,,,,,,,,,,,,,,,,Olaya 1 Stella Stays,N/A,N/A,,,,,,,,,,
703,,,,,,,,,,,,,,,,,,,,Ross Hotel,N/A,N/A,,,,,,,,,,
704,1.0,1.0,1.0,1.0,1.0,1.0,1.0,1.0,1.0,1.0,,1.0,1.0,,,,,1.0,1.0,Rosh Rayhaan by Rotana,8.5,3929 reviews,1.0,1.0,1.0,,,,,,,
705,1.0,1.0,1.0,1.0,1.0,,1.0,1.0,1.0,1.0,,1.0,1.0,,,,,1.0,,Voyage Hotel,7.9,253 reviews,1.0,1.0,1.0,,,,,,,
706,1.0,,1.0,,,,,,,,,,,,,,,,,Golden Dune Hotel & Suite,8.2,2735 reviews,1.0,1.0,1.0,,,1.0,,,,
707,1.0,,,1.0,,,,1.0,,1.0,,,,,,,,,,Al Amoria Furnished Apartments 3,N/A,N/A,1.0,1.0,1.0,,,,,,,
708,1.0,,1.0,1.0,1.0,,,1.0,,1.0,,,,,,,,,,Aber Al Munsiyah,7.9,1099 reviews,1.0,1.0,1.0,,,,,,,
709,1.0,,,1.0,,,,1.0,,1.0,,,,,,,,1.0,,Tooq Suites,6.4,32 reviews,1.0,1.0,1.0,,,,,,,
710,1.0,1.0,,,,,,,,,,,,,,,,1.0,1.0,Fairmont Riyadh,N/A,N/A,,,,,,,,,,
711,1.0,,1.0,1.0,1.0,,1.0,1.0,1.0,1.0,,1.0,1.0,,1.0,,1.0,1.0,1.0,Holiday Inn RIYADH - OLAYA,7.2,942 reviews,,,,,,,,1.0,,
712,,,,,,1.0,,,,1.0,,,,,,,,,1.0,msharef almoden hotel,N/A,N/A,1.0,,1.0,,,,,,,
713,1.0,1.0,1.0,1.0,1.0,1.0,1.0,1.0,1.0,1.0,,1.0,1.0,,,,,1.0,1.0,Dabab Hotel by Warwick,7.3,1606 reviews,1.0,1.0,1.0,,1.0,,,,,
714,1.0,1.0,1.0,1.0,1.0,1.0,1.0,1.0,1.0,1.0,1.0,1.0,1.0,,1.0,,1.0,1.0,1.0,Madareem Crown Hotel,8.1,3613 reviews,1.0,1.0,1.0,,,,,,,
715,,,1.0,,,,,,,,,,,,,,,,,Al-Muteb Suites Al-Nagah,N/A,N/A,,1.0,,,,,,,,
716,1.0,,,,,,,1.0,,,,,,,,,,1.0,,AlMuhaidb Nadwaa Aparthotel,7.0,511 reviews,1.0,1.0,1.0,,,,,,,
717,1.0,1.0,1.0,1.0,1.0,,1.0,1.0,,1.0,,1.0,1.0,,,,,1.0,1.0,Courtyard by Marriott Riyadh Northern Ring Road,8.2,998 reviews,1.0,1.0,1.0,,1.0,,,,,
718,1.0,,,,,,,1.0,,1.0,,,,,,,,,,Alyaa Home,N/A,N/A,1.0,1.0,,,,,,,,
719,1.0,,,,1.0,,1.0,1.0,,1.0,,,,,,,,1.0,,Aber Al Yasmin 101,8.1,804 reviews,1.0,1.0,1.0,,1.0,,,,,
720,1.0,1.0,1.0,1.0,,,,,1.0,1.0,,,,,,,,,,Hdb Hotel  Financal District,7.3,2587 reviews,1.0,1.0,,,1.0,,,,,
721,1.0,,1.0,,1.0,,1.0,1.0,,1.0,,1.0,,,,,,,,Comfort Hotel Riyadh Olaya,9.5,4 reviews,1.0,1.0,1.0,,,,,,,
722,,,,,,,,,,,,,,,,,,,,Namar Home Serviced Suites,N/A,N/A,,,,,,,,,,
723,1.0,,1.0,,1.0,1.0,,1.0,,1.0,,,,,,,,1.0,1.0,Hyatt Buyutat,6.5,851 reviews,1.0,1.0,1.0,,1.0,,,,,
724,,,,1.0,1.0,,1.0,,,,,,,,,,,,,Boudl Al Wadi,7.9,664 reviews,1.0,1.0,1.0,,,,,,,
725,,,1.0,,,,,,,,,,,,,,,,,Al-Muteb Suites Khreis,N/A,N/A,,1.0,,,,,,,,
726,1.0,1.0,,1.0,1.0,,,,,1.0,,,,,,,,,,Burj Al Hayah Hotel Suites-Al Olaya,6.2,173 reviews,1.0,1.0,,,,,,,,
727,1.0,,,,,,1.0,1.0,,,,,,,,,,,,Neyara Almalaz 5,6.9,970 reviews,1.0,1.0,1.0,,,,,,,
728,1.0,,,,,,1.0,1.0,,1.0,,,,,,,,1.0,,Celine Home Hotel,N/A,N/A,1.0,1.0,1.0,,,,,,,
729,1.0,,,,,,,,,1.0,,,,,,,,,,Freesia Hotel,N/A,N/A,,,,,,,,,,
730,1.0,,,,,,1.0,1.0,,,,,,,,,,,,Neyara Almalaz 5,6.9,970 reviews,1.0,1.0,1.0,,,,,,,
731,1.0,,1.0,1.0,,,1.0,1.0,1.0,1.0,,1.0,1.0,,,,,,,Ross Hotel,8.5,300 reviews,1.0,1.0,1.0,,,,,,,
732,,,,,,,,,,,,,,,,,,,,Taleen AlQuds 2 Hotel Apartments,5.6,396 reviews,,1.0,,,,,,,,
733,1.0,,,,,,,,,1.0,,,,,,,,,,Rafa Homes Al Izdihar 2,7.9,226 reviews,1.0,1.0,,,,,,,,
734,1.0,1.0,1.0,1.0,1.0,1.0,1.0,1.0,1.0,1.0,,1.0,,,,,,1.0,1.0,Art View Hotel,7.9,26 reviews,1.0,1.0,1.0,,1.0,,,,,
735,1.0,1.0,1.0,1.0,1.0,,1.0,1.0,,,,1.0,,,,,,,1.0,ALMA Hotel,N/A,N/A,1.0,1.0,,,,,,,,
736,1.0,,,,,,,,,1.0,,,,,,,,,,Mabaat - Al Yasmeen - 454,7.7,3 reviews,1.0,1.0,,,,,,,,
737,1.0,1.0,,1.0,1.0,,,,,1.0,,1.0,,,,,,,,Tura Hotel,7.6,218 reviews,1.0,1.0,,,1.0,,,,,
738,1.0,1.0,,1.0,,,,,,,,,,,,,1.0,,,Amaaria Aquapark resort Villas & Chalet,8.1,119 reviews,,1.0,,,,,,,,
739,1.0,1.0,1.0,1.0,1.0,,,1.0,,1.0,,1.0,1.0,,,,,1.0,,Le Méridien Riyadh,8.3,1521 reviews,1.0,,1.0,,,,,,,
740,,,1.0,,,,,,,,,,,,,,,,,Al-Muteb Suites Khreis,N/A,N/A,,1.0,,,,,,,,
741,1.0,1.0,,,1.0,,,,,1.0,,1.0,,,,,,,,Aber Al Yasmin,8.4,1496 reviews,1.0,,,,,,,,,
742,1.0,,,,,,,,,,,,,,,,,,,Al Baron Palace Riyadh,N/A,N/A,1.0,1.0,1.0,,,,,,,
743,1.0,,1.0,1.0,1.0,,1.0,1.0,,1.0,,1.0,,1.0,1.0,,,1.0,,DoubleTree by Hilton Riyadh - Al Muroj Business Gate,7.3,1895 reviews,1.0,1.0,1.0,,,,,,,
744,1.0,,1.0,1.0,,,1.0,1.0,,1.0,,1.0,,,1.0,,,1.0,,Sixty Three Hotel,7.0,169 reviews,1.0,1.0,1.0,,,,,,,
745,1.0,1.0,1.0,,1.0,1.0,,,1.0,1.0,,1.0,1.0,,1.0,,,,,Swiss International Royal Hotel Riyadh,7.5,901 reviews,1.0,1.0,1.0,,,,,,,
746,,,,,,,,,,,,,,,,,,,,Ross Hotel,N/A,N/A,,,,,,,,,,
747,1.0,1.0,1.0,1.0,1.0,1.0,1.0,1.0,,1.0,1.0,1.0,,,1.0,,,1.0,,Aber 102,8.9,878 reviews,1.0,1.0,1.0,1.0,1.0,,,,,
748,1.0,,,1.0,,1.0,,1.0,,1.0,,,,,,,,1.0,,Burj Alhayah Hotel Suites Olaya,8.2,208 reviews,1.0,1.0,,,,,,,,
749,1.0,1.0,,1.0,1.0,,,1.0,,1.0,,1.0,,,,,,,,Braira Al Wezarat,8.4,4149 reviews,1.0,1.0,1.0,,,,,,,
750,1.0,1.0,1.0,1.0,1.0,,1.0,1.0,1.0,1.0,,1.0,1.0,,,,,1.0,,Voyage Hotel,7.9,253 reviews,1.0,1.0,1.0,,,,,,,
751,1.0,,,,1.0,,1.0,1.0,,1.0,,,,,,,,1.0,,Aber Al Yasmin 101,8.1,804 reviews,1.0,1.0,1.0,,1.0,,,,,
752,1.0,,,1.0,,,,1.0,1.0,1.0,,,,,,,,1.0,,Ahlin Suites 2,7.7,450 reviews,,1.0,1.0,,,,,,,
753,,,,1.0,1.0,,1.0,,,,,,,,,,,,1.0,Al Muhaidb Khanshalila,7.5,408 reviews,1.0,1.0,,,,,,,,
754,1.0,,,1.0,,,,1.0,,,,,,,,,,1.0,,Merfal Hotel Apartments Al Taawan,6.6,396 reviews,1.0,,1.0,,,,,,,
755,,,1.0,,,1.0,,1.0,,,1.0,,,,,,,1.0,,Executive Suites,N/A,N/A,1.0,1.0,1.0,,,,,,,
756,1.0,1.0,1.0,1.0,1.0,1.0,1.0,1.0,1.0,1.0,,,,,1.0,,,1.0,1.0,Jareed Hotel Riyadh,9.0,1443 reviews,1.0,1.0,1.0,,,,,,,
757,1.0,1.0,1.0,,1.0,,1.0,1.0,,1.0,,1.0,,1.0,1.0,,,,,IntercityHotel Riyadh Malaz,8.0,1647 reviews,1.0,1.0,1.0,,,,,,,
758,1.0,1.0,1.0,,1.0,1.0,,,1.0,,1.0,1.0,,1.0,1.0,,,,,"Nofa Resort Riyadh, A Radisson Collection Hotel",8.8,202 reviews,1.0,,,,,,,1.0,,
